{
	"pack_name": "{maid_pack.tensuracitizens.name}",
	"author": ["tiffbu"],
	"description": ["{maid_pack.tensuracitizens.desc}"],
	"icon": "tensuracitizens:textures/maid_icon.png",
	"version": "1.0.2",
	"model_list": [
		{
			"model_id": "tensuracitizens:goblin1haruna",
			"is_gecko": true,
			"model": "tensuracitizens:models/entity/goblin1haruna.json",
			"texture": "tensuracitizens:textures/entity/goblin1haruna.png",
			"render_entity_scale": 0.9,
			"description": ["{model.tensuracitizens.goblin1haruna.desc}"],
			"animation": ["tensuracitizens:animation/goblin1haruna.main.animation.json", "tensuracitizens:animation/goblin1haruna.condition.animation.json"]
		},
		{
			"model_id": "tensuracitizens:goblin6gobchi",
			"is_gecko": true,
			"model": "tensuracitizens:models/entity/goblin6gobchi.json",
			"texture": "tensuracitizens:textures/entity/goblin6gobchi.png",
			"render_entity_scale": 0.92,
			"description": ["{model.tensuracitizens.goblin6gobchi.desc}"],
			"animation": ["tensuracitizens:animation/goblin6gobchi.main.animation.json", "tensuracitizens:animation/goblin6gobchi.condition.animation.json"]
		},
		{
			"model_id": "tensuracitizens:goblin7gobta",
			"is_gecko": true,
			"model": "tensuracitizens:models/entity/goblin7gobta.json",
			"texture": "tensuracitizens:textures/entity/goblin7gobta.png",
			"render_entity_scale": 0.93,
			"description": ["{model.tensuracitizens.goblin7gobta.desc}"],
			"animation": ["tensuracitizens:animation/goblin7gobta.main.animation.json", "tensuracitizens:animation/goblin7gobta.condition.animation.json"]
		}
	]
}