{
	"format_version": "1.21.0",
	"minecraft:geometry": [
		{
			"description": {
				"identifier": "geometry.unknown",
				"texture_width": 64,
				"texture_height": 64,
				"visible_bounds_width": 5,
				"visible_bounds_height": 5.5,
				"visible_bounds_offset": [0, 2.25, 0]
			},
			"bones": [
				{
					"name": "Root",
					"pivot": [0, 0.1, 0]
				},
				{
					"name": "AllBody",
					"parent": "Root",
					"pivot": [0, 11.16667, 0]
				},
				{
					"name": "UpBody",
					"parent": "AllBody",
					"pivot": [0, 11.95, 0],
					"cubes": [
						{
							"origin": [-2.475, 13.075, 1.1],
							"size": [4.95, 1.8, 0.775],
							"pivot": [2.5, 14.875, 1.875],
							"rotation": [-9, 0, 0],
							"uv": {
								"north": {"uv": [3.75, 16.25], "uv_size": [4, 2.5]},
								"east": {"uv": [37.25, 21], "uv_size": [0.75, 1.75]},
								"south": {"uv": [35.75, 23.25], "uv_size": [2.75, 1.25]},
								"west": {"uv": [36.25, 18.75], "uv_size": [0.75, 1.75]},
								"down": {"uv": [12.25, 7.75], "uv_size": [4, -3]}
							}
						},
						{
							"origin": [-2.475, 11.19716, 0.81842],
							"size": [4.95, 1.9, 0.775],
							"pivot": [2.5, 13.09716, 1.59342],
							"rotation": [17.5, 0, 0],
							"uv": {
								"east": {"uv": [37.25, 18.75], "uv_size": [0.75, 2]},
								"south": {"uv": [35.75, 24.75], "uv_size": [2.75, 1.25]},
								"west": {"uv": [36.25, 21], "uv_size": [0.75, 1.75]},
								"down": {"uv": [12.25, 7.75], "uv_size": [4, -3]}
							}
						},
						{
							"origin": [-2.5, 11.675, -2],
							"size": [5, 3.2, 3.575],
							"uv": {
								"north": {"uv": [3.75, 16.25], "uv_size": [4, 2.5]},
								"east": {"uv": [20, 13.25], "uv_size": [-3, 2.5]},
								"south": {"uv": [17, 0], "uv_size": [3.75, 2.5]},
								"west": {"uv": [17, 13.25], "uv_size": [3, 2.5]},
								"down": {"uv": [12.25, 7.75], "uv_size": [4, -3]}
							}
						}
					]
				},
				{
					"name": "UpperBody",
					"parent": "UpBody",
					"pivot": [0, 14.375, 0],
					"cubes": [
						{
							"origin": [-2.4, 14.125, -1.7],
							"size": [4.7, 3.3, 3.4625],
							"uv": {
								"north": {"uv": [31, 23.75], "uv_size": [4, 2.5]},
								"east": {"uv": [32.75, 15.75], "uv_size": [3, 2.5]},
								"south": {"uv": [33.25, 26.5], "uv_size": [3.75, 2.5]},
								"west": {"uv": [32.75, 15.75], "uv_size": [3, 2.5]},
								"up": {"uv": [30.25, 15.5], "uv_size": [1, 1.25]},
								"down": {"uv": [12.25, 7.75], "uv_size": [4, -3]}
							}
						},
						{
							"origin": [-2.68916, 15.09247, -1.72612],
							"size": [2.7, 4.125, 3.525],
							"pivot": [0.01084, 19.21747, -2.02612],
							"rotation": [0, 0, -15.47328],
							"uv": {
								"north": {"uv": [20, 3.75], "uv_size": [2, 3.25]},
								"east": {"uv": [12.25, 8.5], "uv_size": [3.25, 3.25]},
								"south": {"uv": [20, 16.75], "uv_size": [2, 3.25]},
								"up": {"uv": [20.5, 8.5], "uv_size": [2.25, 3.25]}
							}
						},
						{
							"origin": [-0.01084, 15.09247, -1.71362],
							"size": [2.7, 4.125, 3.5],
							"pivot": [-0.01084, 19.21747, -2.02612],
							"rotation": [0, 0, 15.47328],
							"uv": {
								"north": {"uv": [8, 21.25], "uv_size": [-2, 3.25]},
								"south": {"uv": [22, 16.75], "uv_size": [-2, 3.25]},
								"west": {"uv": [15.5, 8.5], "uv_size": [-3.25, 3.25]},
								"up": {"uv": [15, 13.25], "uv_size": [-2.25, 3.25]}
							}
						}
					]
				},
				{
					"name": "clothtop",
					"parent": "UpperBody",
					"pivot": [-0.01084, 18.61747, -0.02612]
				},
				{
					"name": "clothtopL",
					"parent": "clothtop",
					"pivot": [3.40509, 14.80963, -2.02612],
					"cubes": [
						{
							"origin": [-2.21833, 13.55343, -1.86362],
							"size": [0.5, 3.9125, 3.6125],
							"pivot": [-2.21833, 17.46593, -1.86362],
							"rotation": [0, 0, 10],
							"uv": {
								"north": {"uv": [56.25, 2], "uv_size": [-0.5, 3.25]},
								"east": {"uv": [58, 5.75], "uv_size": [-3, 3.25]},
								"south": {"uv": [62.5, 0], "uv_size": [-0.5, 3.25]}
							}
						}
					]
				},
				{
					"name": "clothtopR",
					"parent": "clothtop",
					"pivot": [1.90509, 17.30963, 0.22388],
					"cubes": [
						{
							"origin": [1.71833, 13.55343, -1.86362],
							"size": [0.5, 3.9125, 3.6125],
							"pivot": [2.21833, 17.46593, -1.86362],
							"rotation": [0, 0, -10],
							"uv": {
								"north": {"uv": [55.75, 2], "uv_size": [0.5, 3.25]},
								"south": {"uv": [62, 0], "uv_size": [0.5, 3.25]},
								"west": {"uv": [55, 5.75], "uv_size": [3, 3.25]}
							}
						}
					]
				},
				{
					"name": "topclothfornt",
					"parent": "clothtop",
					"pivot": [-0.02612, 18.28479, -1.72915],
					"cubes": [
						{
							"origin": [-2.42612, 13.48185, -1.73451],
							"size": [4.8, 4.95, 0.6625],
							"pivot": [-2.57612, 18.43185, -1.73451],
							"rotation": [-7.5, 0, 0],
							"uv": {
								"north": {"uv": [59, 10.5], "uv_size": [4, 3.75]},
								"east": {"uv": [63.25, 0.5], "uv_size": [0.5, 4.25]},
								"west": {"uv": [58.75, 0], "uv_size": [0.75, 4]}
							}
						}
					]
				},
				{
					"name": "topclothback",
					"parent": "clothtop",
					"pivot": [-0.02612, 18.32732, 2.009],
					"cubes": [
						{
							"origin": [-2.42612, 13.48185, 1.25951],
							"size": [4.8, 4.95, 0.5625],
							"pivot": [-2.57612, 18.43185, 1.82201],
							"rotation": [1, 0, 0],
							"uv": {
								"east": {"uv": [63.75, 0.5], "uv_size": [-0.5, 4.25]},
								"south": {"uv": [63, 10.5], "uv_size": [-4, 3.75]},
								"west": {"uv": [59.5, 0], "uv_size": [-0.75, 4]}
							}
						}
					]
				},
				{
					"name": "corner",
					"parent": "clothtop",
					"pivot": [2.2921, 16.17689, -2.08029],
					"rotation": [-15.01365, -2.41476, 0.64743]
				},
				{
					"name": "corner2",
					"parent": "clothtop",
					"pivot": [2.2921, 16.17689, 2.08029],
					"rotation": [15.01365, 2.41476, 0.64743]
				},
				{
					"name": "Arms",
					"parent": "UpperBody",
					"pivot": [0, 18.05, 0]
				},
				{
					"name": "RightArm",
					"parent": "Arms",
					"pivot": [-2.458, 17.79, 0.064],
					"rotation": [0, 0, 23],
					"cubes": [
						{
							"origin": [-3.12669, 14.09254, -0.796],
							"size": [1.625, 4, 1.72],
							"uv": {
								"north": {"uv": [26.75, 17.75], "uv_size": [-1.25, 3]},
								"east": {"uv": [24.5, 21.75], "uv_size": [-1.25, 3]},
								"south": {"uv": [26.75, 21.75], "uv_size": [-1.25, 3]},
								"west": {"uv": [24.5, 17.75], "uv_size": [-1.25, 3]},
								"up": {"uv": [31.25, 15.5], "uv_size": [-1, 1.25]},
								"down": {"uv": [3.5, 32.25], "uv_size": [-1.25, -1.25]}
							}
						},
						{
							"origin": [-3.12669, 18.09254, -0.7585],
							"size": [1.0625, 1.2125, 1.645],
							"pivot": [-3.12669, 18.09254, -0.796],
							"rotation": [0, 0, 49],
							"uv": {
								"north": {"uv": [26.75, 17.75], "uv_size": [-1.25, 3]},
								"east": {"uv": [24.5, 21.75], "uv_size": [-1.25, 3]},
								"south": {"uv": [26.75, 21.75], "uv_size": [-1.25, 3]},
								"west": {"uv": [24.5, 17.75], "uv_size": [-1.25, 3]},
								"up": {"uv": [31.25, 15.5], "uv_size": [-1, 1.25]},
								"down": {"uv": [3.5, 32.25], "uv_size": [-1.25, -1.25]}
							}
						},
						{
							"origin": [-3.08569, 14.09654, -0.78],
							"size": [1.543, 1.225, 1.22],
							"pivot": [-3.11069, 14.09654, -0.78],
							"rotation": [-45, 0, 0],
							"uv": {
								"north": {"uv": [31.25, 31], "uv_size": [-1, 0.75]},
								"east": {"uv": [32.75, 22.5], "uv_size": [-1, 0.75]},
								"south": {"uv": [32.75, 6.25], "uv_size": [-1, 1]},
								"west": {"uv": [21.75, 31.75], "uv_size": [-1, 1]},
								"up": {"uv": [17.5, 31.75], "uv_size": [-1.25, 1]},
								"down": {"uv": [19.75, 32.75], "uv_size": [-1.25, -1]}
							}
						},
						{
							"origin": [-3.26419, 16.19254, -0.9335],
							"size": [1.8625, 0.375, 1.995],
							"uv": {
								"north": {"uv": [49.75, 11.5], "uv_size": [-0.5, 0.25]},
								"east": {"uv": [49.75, 11.5], "uv_size": [-0.5, 0.25]},
								"south": {"uv": [49.75, 11.5], "uv_size": [-0.5, 0.25]},
								"west": {"uv": [49.75, 11.5], "uv_size": [-0.5, 0.25]},
								"up": {"uv": [49.25, 11.75], "uv_size": [0.5, -0.25]},
								"down": {"uv": [49.25, 11.75], "uv_size": [0.5, -0.25]}
							}
						}
					]
				},
				{
					"name": "RightForeArm",
					"parent": "RightArm",
					"pivot": [-2.46892, 14.14386, 0.08],
					"cubes": [
						{
							"origin": [-3.11069, 10.69654, -0.78],
							"size": [1.593, 3.4, 1.72],
							"uv": {
								"north": {"uv": [29, 2.25], "uv_size": [-1.25, 2.75]},
								"east": {"uv": [4.5, 24.75], "uv_size": [-1.5, 2.75]},
								"south": {"uv": [29, 14.75], "uv_size": [-1.25, 2.75]},
								"west": {"uv": [25.25, 8.5], "uv_size": [-1.25, 2.75]},
								"down": {"uv": [32, 19], "uv_size": [-1, -1.25]}
							}
						}
					]
				},
				{
					"name": "RightHand",
					"parent": "RightForeArm",
					"pivot": [-2.46892, 11.07186, 0.08]
				},
				{
					"name": "righthandopen",
					"parent": "RightHand",
					"pivot": [-2.35442, 10.71669, 0],
					"cubes": [
						{
							"origin": [-2.63358, 8.22453, -0.755],
							"size": [1.175, 2.32, 1.67],
							"pivot": [-1.29269, 10.69654, -0.78],
							"rotation": [0, 0, 42.5],
							"uv": {
								"north": {"uv": [8.75, 30], "uv_size": [-1, 2]},
								"east": {"uv": [15.25, 29.25], "uv_size": [-1.5, 1.75]},
								"south": {"uv": [11, 30], "uv_size": [-1, 2]},
								"west": {"uv": [6.75, 29], "uv_size": [-1.5, 2]},
								"up": {"uv": [26.5, 31], "uv_size": [-1, 1.25]},
								"down": {"uv": [28.75, 32.5], "uv_size": [-1, -1.5]}
							}
						}
					]
				},
				{
					"name": "RightHandLocator",
					"parent": "RightHand",
					"pivot": [-2.04642, 9.60936, 0.016]
				},
				{
					"name": "righthandclose",
					"parent": "RightHand",
					"pivot": [-2.46892, 11.07186, 0.08],
					"cubes": [
						{
							"origin": [-3.07942, 8.94586, -0.875],
							"size": [1.725, 1.7625, 1.875],
							"uv": {
								"north": {"uv": [17.5, 8.5], "uv_size": [1.5, 1.5]},
								"east": {"uv": [15.75, 10], "uv_size": [1.5, 1.5]},
								"south": {"uv": [17.5, 10], "uv_size": [1.5, 1.5]},
								"west": {"uv": [15.75, 8.5], "uv_size": [1.5, 1.5]},
								"up": {"uv": [20.5, 11.5], "uv_size": [-1.5, -1.5]},
								"down": {"uv": [20.5, 10], "uv_size": [-1.5, -1.5]}
							}
						}
					]
				},
				{
					"name": "LeftArm",
					"parent": "Arms",
					"pivot": [2.458, 17.79, 0.064],
					"rotation": [0, 0, -23],
					"cubes": [
						{
							"origin": [1.50169, 14.09254, -0.796],
							"size": [1.625, 4, 1.72],
							"uv": {
								"north": {"uv": [25.5, 17.75], "uv_size": [1.25, 3]},
								"east": {"uv": [23.25, 17.75], "uv_size": [1.25, 3]},
								"south": {"uv": [25.5, 21.75], "uv_size": [1.25, 3]},
								"west": {"uv": [23.25, 21.75], "uv_size": [1.25, 3]},
								"up": {"uv": [30.25, 15.5], "uv_size": [1, 1.25]},
								"down": {"uv": [2.25, 32.25], "uv_size": [1.25, -1.25]}
							}
						},
						{
							"origin": [2.06419, 18.09254, -0.7585],
							"size": [1.0625, 1.2125, 1.645],
							"pivot": [3.12669, 18.09254, -0.796],
							"rotation": [0, 0, -49],
							"uv": {
								"north": {"uv": [25.5, 17.75], "uv_size": [1.25, 3]},
								"east": {"uv": [23.25, 17.75], "uv_size": [1.25, 3]},
								"south": {"uv": [25.5, 21.75], "uv_size": [1.25, 3]},
								"west": {"uv": [23.25, 21.75], "uv_size": [1.25, 3]},
								"up": {"uv": [30.25, 15.5], "uv_size": [1, 1.25]},
								"down": {"uv": [2.25, 32.25], "uv_size": [1.25, -1.25]}
							}
						},
						{
							"origin": [1.54269, 14.09654, -0.78],
							"size": [1.543, 1.225, 1.22],
							"pivot": [3.11069, 14.09654, -0.78],
							"rotation": [-45, 0, 0],
							"uv": {
								"north": {"uv": [30.25, 31], "uv_size": [1, 0.75]},
								"east": {"uv": [20.75, 31.75], "uv_size": [1, 1]},
								"south": {"uv": [31.75, 6.25], "uv_size": [1, 1]},
								"west": {"uv": [31.75, 22.5], "uv_size": [1, 0.75]},
								"up": {"uv": [16.25, 31.75], "uv_size": [1.25, 1]},
								"down": {"uv": [18.5, 32.75], "uv_size": [1.25, -1]}
							}
						},
						{
							"origin": [1.40169, 16.19254, -0.9335],
							"size": [1.8625, 0.375, 1.995],
							"uv": {
								"north": {"uv": [49.25, 11.5], "uv_size": [0.5, 0.25]},
								"east": {"uv": [49.25, 11.5], "uv_size": [0.5, 0.25]},
								"south": {"uv": [49.25, 11.5], "uv_size": [0.5, 0.25]},
								"west": {"uv": [49.25, 11.5], "uv_size": [0.5, 0.25]},
								"up": {"uv": [49.75, 11.75], "uv_size": [-0.5, -0.25]},
								"down": {"uv": [49.75, 11.75], "uv_size": [-0.5, -0.25]}
							}
						}
					]
				},
				{
					"name": "LeftForeArm",
					"parent": "LeftArm",
					"pivot": [2.46892, 14.14386, 0.08],
					"cubes": [
						{
							"origin": [1.51769, 10.69654, -0.78],
							"size": [1.593, 3.4, 1.72],
							"uv": {
								"north": {"uv": [27.75, 2.25], "uv_size": [1.25, 2.75]},
								"east": {"uv": [24, 8.5], "uv_size": [1.25, 2.75]},
								"south": {"uv": [27.75, 14.75], "uv_size": [1.25, 2.75]},
								"west": {"uv": [3, 24.75], "uv_size": [1.5, 2.75]},
								"down": {"uv": [31, 19], "uv_size": [1, -1.25]}
							}
						}
					]
				},
				{
					"name": "LeftHand",
					"parent": "LeftForeArm",
					"pivot": [2.46892, 11.07186, 0.08]
				},
				{
					"name": "lefthandopen",
					"parent": "LeftHand",
					"pivot": [2.31692, 10.71669, 0],
					"cubes": [
						{
							"origin": [1.45858, 8.22453, -0.755],
							"size": [1.175, 2.32, 1.67],
							"pivot": [1.29269, 10.69654, -0.78],
							"rotation": [0, 0, -42.5],
							"uv": {
								"north": {"uv": [7.75, 30], "uv_size": [1, 2]},
								"east": {"uv": [5.25, 29], "uv_size": [1.5, 2]},
								"south": {"uv": [10, 30], "uv_size": [1, 2]},
								"west": {"uv": [13.75, 29.25], "uv_size": [1.5, 1.75]},
								"up": {"uv": [25.5, 31], "uv_size": [1, 1.25]},
								"down": {"uv": [27.75, 32.5], "uv_size": [1, -1.5]}
							}
						}
					]
				},
				{
					"name": "LeftHandLocator",
					"parent": "LeftHand",
					"pivot": [2.04642, 9.79686, 0.016]
				},
				{
					"name": "lefthandclose",
					"parent": "LeftHand",
					"pivot": [2.46892, 11.07186, 0.08],
					"cubes": [
						{
							"origin": [1.35442, 8.94586, -0.875],
							"size": [1.725, 1.7625, 1.875],
							"uv": {
								"north": {"uv": [19, 8.5], "uv_size": [-1.5, 1.5]},
								"east": {"uv": [17.25, 8.5], "uv_size": [-1.5, 1.5]},
								"south": {"uv": [19, 10], "uv_size": [-1.5, 1.5]},
								"west": {"uv": [17.25, 10], "uv_size": [-1.5, 1.5]},
								"up": {"uv": [19, 11.5], "uv_size": [1.5, -1.5]},
								"down": {"uv": [19, 10], "uv_size": [1.5, -1.5]}
							}
						}
					]
				},
				{
					"name": "AllHead",
					"parent": "UpperBody",
					"pivot": [0, 18.65, 0],
					"cubes": [
						{
							"origin": [-0.8, 18.25, -1.125],
							"size": [2, 2, 1.9],
							"pivot": [0.2, -0.2, 0],
							"rotation": [0, 45, 0],
							"uv": {
								"north": {"uv": [3, 28.25], "uv_size": [1.5, 1.5]},
								"east": {"uv": [26, 0], "uv_size": [2, 1.75]},
								"south": {"uv": [26, 28.25], "uv_size": [1.5, 1.5]},
								"west": {"uv": [26, 0], "uv_size": [2, 1.75]},
								"up": {"uv": [5.25, 26], "uv_size": [1.75, 2.25]},
								"down": {"uv": [26, 10.75], "uv_size": [1.5, -2.25]}
							}
						}
					]
				},
				{
					"name": "Head",
					"parent": "AllHead",
					"pivot": [0, 20.2125, 0],
					"cubes": [
						{
							"origin": [-3.25, 20.85, -3.3],
							"size": [6.5, 5.2, 7],
							"uv": {
								"north": {"uv": [6.25, 5.5], "uv_size": [5, 4.25]},
								"east": {"uv": [11.5, 0], "uv_size": [-5.16667, 4.25]},
								"south": {"uv": [6.25, 10.75], "uv_size": [5, 4.25]},
								"west": {"uv": [6.25, 0], "uv_size": [5.25, 4.25]},
								"up": {"uv": [0, 0], "uv_size": [5, 5.5]}
							}
						},
						{
							"origin": [-2.25, 25.65, -2.05],
							"size": [4.5, 1.75, 4.5],
							"uv": {
								"up": {"uv": [12.25, 0], "uv_size": [3.5, 3.5]}
							}
						},
						{
							"origin": [2.25, 25.65, -2.05],
							"size": [1.675, 1.75, 4.5],
							"pivot": [2.25, 27.4, -2.05],
							"rotation": [0, 0, 53.5],
							"uv": {
								"north": {"uv": [29.25, 6.25], "uv_size": [1.5, 1.25]},
								"south": {"uv": [16.25, 29.25], "uv_size": [1.25, 1.5]},
								"up": {"uv": [3.75, 11.5], "uv_size": [1.5, 3.5]}
							}
						},
						{
							"origin": [-2.25, 25.65, -3.9],
							"size": [4.5, 1.75, 1.85],
							"pivot": [-2.25, 27.4, -2.05],
							"rotation": [47.25, 0, 0],
							"uv": {
								"east": {"uv": [18.5, 29.25], "uv_size": [1.5, 1.5]},
								"west": {"uv": [20.75, 29.25], "uv_size": [1.5, 1.5]},
								"up": {"uv": [23.25, 4.75], "uv_size": [3.5, 1.25]}
							}
						},
						{
							"origin": [-2.25, 25.65, 2.45],
							"size": [4.5, 1.75, 1.85],
							"pivot": [-2.25, 27.4, 2.45],
							"rotation": [-47.25, 0, 0],
							"uv": {
								"east": {"uv": [23.25, 29.25], "uv_size": [1.25, 1.5]},
								"west": {"uv": [29.25, 24.75], "uv_size": [1.5, 1.25]},
								"up": {"uv": [23.25, 15.5], "uv_size": [3.5, 1.25]}
							}
						},
						{
							"origin": [-3.925, 25.65, -2.05],
							"size": [1.675, 1.75, 4.5],
							"pivot": [-2.25, 27.4, -2.05],
							"rotation": [0, 0, -53.5],
							"uv": {
								"north": {"uv": [0, 30.25], "uv_size": [1.25, 1.25]},
								"south": {"uv": [29.75, 2.25], "uv_size": [1.25, 1.5]},
								"up": {"uv": [3.75, 15], "uv_size": [1.5, -3.5]}
							}
						},
						{
							"origin": [-3.25, 20.75, -3.275],
							"size": [3.425, 1.25, 6.9625],
							"pivot": [-3.25, 20.75, -3.3],
							"rotation": [0, 0, 18],
							"uv": {
								"north": {"uv": [27.75, 22.25], "uv_size": [2.5, 1]},
								"south": {"uv": [28.5, 8.5], "uv_size": [2.5, 1]},
								"down": {"uv": [0, 17], "uv_size": [2.5, -5.5]}
							}
						},
						{
							"origin": [-0.175, 20.75, -3.275],
							"size": [3.425, 1.25, 6.9625],
							"pivot": [3.25, 20.75, -3.3],
							"rotation": [0, 0, -18],
							"uv": {
								"north": {"uv": [30.25, 22.25], "uv_size": [-2.5, 1]},
								"south": {"uv": [31, 8.5], "uv_size": [-2.5, 1]},
								"down": {"uv": [2.5, 17], "uv_size": [-2.5, -5.5]}
							}
						}
					]
				},
				{
					"name": "Hair_All",
					"parent": "Head",
					"pivot": [0, -4.95, 0]
				},
				{
					"name": "HairSideRight",
					"parent": "Hair_All",
					"pivot": [2.8033, 25.30715, -3.33926],
					"rotation": [0.32902, -7.49282, -2.52154],
					"cubes": [
						{
							"origin": [1.88956, 22.32144, -3.94846],
							"size": [2.832, 1.161, 1.2255],
							"pivot": [3.04942, 22.82543, -3.52049],
							"rotation": [-15, 0, 90],
							"uv": {
								"north": {"uv": [11.75, 46], "uv_size": [2, 1]},
								"up": {"uv": [13.25, 35.75], "uv_size": [2, 1]}
							}
						},
						{
							"origin": [3.46443, 19.55062, -3.65327],
							"size": [2.0695, 1.161, 1.2255],
							"pivot": [3.76873, 20.76493, -3.96212],
							"rotation": [-15.5041, -14.4775, 113.9671],
							"uv": {
								"north": {"uv": [13.25, 38.25], "uv_size": [1.5, 1]},
								"up": {"uv": [13.25, 40.5], "uv_size": [1.5, 1]}
							}
						},
						{
							"origin": [3.80756, 23.90266, -3.78471],
							"size": [1.9995, 1.161, 1.2255],
							"pivot": [3.76873, 23.98643, -3.96212],
							"rotation": [18.10861, -13.90598, -107.86827],
							"uv": {
								"north": {"uv": [13.25, 42.75], "uv_size": [1.5, 1]},
								"down": {"uv": [0, 48.5], "uv_size": [1.5, -1]}
							}
						}
					]
				},
				{
					"name": "HairSideLeft",
					"parent": "Hair_All",
					"pivot": [-2.8033, 25.30715, -3.33926],
					"rotation": [0.32902, 7.49282, 2.52154],
					"cubes": [
						{
							"origin": [-4.72156, 22.32144, -3.94846],
							"size": [2.832, 1.161, 1.2255],
							"pivot": [-3.04942, 22.82543, -3.52049],
							"rotation": [-15, 0, -90],
							"uv": {
								"north": {"uv": [13.75, 46], "uv_size": [-2, 1]},
								"up": {"uv": [15.25, 35.75], "uv_size": [-2, 1]}
							}
						},
						{
							"origin": [-5.53393, 19.55062, -3.65327],
							"size": [2.0695, 1.161, 1.2255],
							"pivot": [-3.76873, 20.76493, -3.96212],
							"rotation": [-15.5041, 14.4775, -113.9671],
							"uv": {
								"north": {"uv": [14.75, 38.25], "uv_size": [-1.5, 1]},
								"up": {"uv": [14.75, 40.5], "uv_size": [-1.5, 1]}
							}
						},
						{
							"origin": [-5.80706, 23.90266, -3.78471],
							"size": [1.9995, 1.161, 1.2255],
							"pivot": [-3.76873, 23.98643, -3.96212],
							"rotation": [18.10861, 13.90598, 107.86827],
							"uv": {
								"north": {"uv": [14.75, 42.75], "uv_size": [-1.5, 1]},
								"down": {"uv": [1.5, 48.5], "uv_size": [-1.5, -1]}
							}
						}
					]
				},
				{
					"name": "HairBangs",
					"parent": "Hair_All",
					"pivot": [0, 27.1596, -2.24915],
					"cubes": [
						{
							"origin": [-3, 23.38333, -3.96667],
							"size": [6, 2.4, 0.2],
							"uv": {
								"north": {"uv": [5.5, 37.5], "uv_size": [4.5, 1.75]}
							}
						},
						{
							"origin": [-3, 25.78333, -3.96667],
							"size": [6, 2.1, 1.25],
							"pivot": [3, 25.78333, -3.96667],
							"rotation": [-37.5, 0, 0],
							"uv": {
								"north": {"uv": [5.5, 40.5], "uv_size": [4.5, 1.5]},
								"up": {"uv": [5.5, 42.75], "uv_size": [4.5, 1]}
							}
						}
					]
				},
				{
					"name": "Ahoge",
					"parent": "Hair_All",
					"pivot": [-0.25, 27.45, -0.05],
					"rotation": [0, 0, 2.5],
					"cubes": [
						{
							"origin": [-1, 27.425, 0.15],
							"size": [1.5, 2.5, 0],
							"uv": {
								"north": {"uv": [9.25, 46], "uv_size": [1.5, 2.5]}
							}
						}
					]
				},
				{
					"name": "HairRight",
					"parent": "Hair_All",
					"pivot": [3.17677, 24.61035, 0.6],
					"cubes": [
						{
							"origin": [2.3877, 19.63532, -2.13333],
							"size": [2, 1.91667, 5.79167],
							"pivot": [4.3877, 21.55198, -2.13333],
							"rotation": [0, 0, 43.5],
							"uv": {
								"north": {"uv": [11, 43.5], "uv_size": [1.5, 1.75]},
								"south": {"uv": [4.75, 45.25], "uv_size": [1.5, 1.5]},
								"west": {"uv": [0, 41.25], "uv_size": [4.5, 1.5]}
							}
						},
						{
							"origin": [2.3877, 21.55198, -2.15833],
							"size": [2, 3.49167, 5.84167],
							"pivot": [4.3877, 21.55198, 2.53333],
							"rotation": [0, 0, -20],
							"uv": {
								"north": {"uv": [0, 43.5], "uv_size": [1.5, 2.75]},
								"south": {"uv": [2.25, 43.5], "uv_size": [1.75, 2.75]},
								"west": {"uv": [0, 37.5], "uv_size": [4.5, 2.5]}
							}
						}
					]
				},
				{
					"name": "HairLeft",
					"parent": "Hair_All",
					"pivot": [-3.25177, 24.64785, 0.6],
					"cubes": [
						{
							"origin": [-4.3877, 19.63532, -2.13333],
							"size": [2, 1.91667, 5.79167],
							"pivot": [-4.3877, 21.55198, -2.13333],
							"rotation": [0, 0, -43.5],
							"uv": {
								"north": {"uv": [12.5, 43.5], "uv_size": [-1.75, 1.75]},
								"east": {"uv": [4.5, 41.25], "uv_size": [-4.5, 1.5]},
								"south": {"uv": [6.25, 45.25], "uv_size": [-1.5, 1.5]}
							}
						},
						{
							"origin": [-4.3877, 21.55198, -2.15833],
							"size": [2, 3.49167, 5.84167],
							"pivot": [-4.3877, 21.55198, 2.53333],
							"rotation": [0, 0, 20],
							"uv": {
								"north": {"uv": [1.5, 43.5], "uv_size": [-1.5, 2.75]},
								"east": {"uv": [4.5, 37.5], "uv_size": [-4.5, 2.5]},
								"south": {"uv": [4, 43.5], "uv_size": [-1.75, 2.75]}
							}
						}
					]
				},
				{
					"name": "HairTail",
					"parent": "Hair_All",
					"pivot": [1.05526, 20.9707, 3.2356],
					"rotation": [25.41604, 5.91338, -21.38768],
					"cubes": [
						{
							"origin": [0.42114, 19.96679, 2.93252],
							"size": [1.50336, 1.50336, 1.37808],
							"pivot": [1.19342, 20.53879, 2.97242],
							"rotation": [-90, 0, 0],
							"uv": {
								"south": {"uv": [9.25, 49], "uv_size": [1.25, 1.25]}
							}
						}
					]
				},
				{
					"name": "TailEnd",
					"parent": "HairTail",
					"pivot": [1.19342, 19.4122, 3.00374],
					"rotation": [15, 0, 0],
					"cubes": [
						{
							"origin": [0.7587, 18.84381, 2.70976],
							"size": [0.82824, 0.37584, 0.82824],
							"uv": {
								"north": {"uv": [7.75, 35.75], "uv_size": [0.75, 0.25]},
								"east": {"uv": [9.25, 35.75], "uv_size": [0.75, 0.25]},
								"south": {"uv": [18.5, 35.75], "uv_size": [0.75, 0.25]},
								"west": {"uv": [7.75, 52.25], "uv_size": [0.75, 0.25]},
								"down": {"uv": [6.25, 36.5], "uv_size": [0.75, -0.75]}
							}
						},
						{
							"origin": [1.17282, 17.16297, 2.63448],
							"size": [0, 1.74348, 1.20408],
							"uv": {
								"west": {"uv": [18, 38.25], "uv_size": [1.20408, 1.74348]}
							}
						},
						{
							"origin": [1.23239, 17.16297, 2.45363],
							"size": [0, 1.74348, 1.20408],
							"pivot": [1.08092, 18.16369, 3.03506],
							"rotation": [0, -90, 0],
							"uv": {
								"west": {"uv": [17.75, 40.5], "uv_size": [1.25, 1.75]}
							}
						}
					]
				},
				{
					"name": "bone",
					"parent": "HairTail",
					"pivot": [0.44174, 19.28599, 3.7241],
					"rotation": [0, 0, -15],
					"cubes": [
						{
							"origin": [0.36487, 19.46567, 1.01043],
							"size": [1.50336, 1.50336, 1.2528],
							"pivot": [0.44174, 19.28599, 2.22074],
							"rotation": [-90, 0, -32.5],
							"uv": {
								"east": {"uv": [9.25, 51.5], "uv_size": [1, 1]},
								"up": {"uv": [18, 42.75], "uv_size": [1, 1]},
								"down": {"uv": [0, 53.25], "uv_size": [1.25, -1]}
							}
						},
						{
							"origin": [-0.28614, 20.49727, 0.91134],
							"size": [1.50336, 1.55336, 1.37808],
							"pivot": [-0.23139, 20.34259, 2.22074],
							"rotation": [-90, 0, -10],
							"uv": {
								"east": {"uv": [11.75, 50.5], "uv_size": [1, 1.25]},
								"up": {"uv": [17, 45.25], "uv_size": [1.25, 1]},
								"down": {"uv": [14, 51.75], "uv_size": [1.25, -1.25]}
							}
						}
					]
				},
				{
					"name": "bone3",
					"parent": "HairTail",
					"pivot": [0.44174, 19.28599, 3.7241],
					"rotation": [-5, 0, 0],
					"cubes": [
						{
							"origin": [0.42114, 19.24225, 2.94279],
							"size": [1.50336, 1.50336, 1.37808],
							"pivot": [0.44174, 20.55917, 4.25147],
							"rotation": [-90, 0, 0],
							"uv": {
								"east": {"uv": [16.25, 35.75], "uv_size": [1.25, 1.25]},
								"west": {"uv": [4.75, 49.75], "uv_size": [1, 1.25]},
								"up": {"uv": [7, 49.75], "uv_size": [1.25, 1.25]}
							}
						},
						{
							"origin": [0.42114, 17.98144, 2.33879],
							"size": [1.50336, 1.50336, 1.37808],
							"pivot": [0.44174, 19.28599, 3.7241],
							"rotation": [-112.5, 0, 0],
							"uv": {
								"east": {"uv": [2.25, 47.5], "uv_size": [1.25, 1.25]},
								"west": {"uv": [4.75, 47.5], "uv_size": [1, 1.25]},
								"up": {"uv": [7, 47.5], "uv_size": [1.25, 1.25]}
							}
						}
					]
				},
				{
					"name": "bone4",
					"parent": "HairTail",
					"pivot": [1.9451, 19.28599, 2.22074],
					"rotation": [15, 0, 0],
					"cubes": [
						{
							"origin": [0.42114, 20.71063, 0.44428],
							"size": [1.50336, 1.50336, 1.37808],
							"pivot": [1.9451, 20.55917, 1.69338],
							"rotation": [-90, 0, 0],
							"uv": {
								"east": {"uv": [15.5, 42.75], "uv_size": [1.25, 1.25]},
								"west": {"uv": [0, 49.75], "uv_size": [1.25, 1.25]},
								"down": {"uv": [2.25, 51], "uv_size": [1.25, -1.25]}
							}
						},
						{
							"origin": [0.42114, 19.37657, 1.01978],
							"size": [1.50336, 1.50336, 1.37808],
							"pivot": [1.9451, 19.28599, 2.22074],
							"rotation": [-67.5, 0, 0],
							"uv": {
								"east": {"uv": [14.75, 33.5], "uv_size": [1.25, 1.25]},
								"west": {"uv": [11.75, 48.25], "uv_size": [1, 1.25]},
								"down": {"uv": [14.75, 46.25], "uv_size": [1.25, -1]}
							}
						}
					]
				},
				{
					"name": "bone2",
					"parent": "HairTail",
					"pivot": [1.9451, 19.28599, 2.22074],
					"rotation": [0, 0, 20],
					"cubes": [
						{
							"origin": [1.14861, 20.63021, 0.90612],
							"size": [1.50336, 1.50336, 1.37808],
							"pivot": [2.68685, 20.45053, 2.22074],
							"rotation": [-90, 0, 7.5],
							"uv": {
								"west": {"uv": [16.25, 47.5], "uv_size": [1.25, 1.25]},
								"up": {"uv": [16.25, 49.75], "uv_size": [1.25, 1.25]},
								"down": {"uv": [17, 34.75], "uv_size": [1.25, -1.25]}
							}
						},
						{
							"origin": [0.49391, 19.45317, 0.91333],
							"size": [1.50336, 1.52836, 1.37808],
							"pivot": [1.9451, 19.28599, 2.22074],
							"rotation": [-90, 0, 30],
							"uv": {
								"west": {"uv": [14, 48.25], "uv_size": [1.25, 1.25]},
								"up": {"uv": [15.5, 38.25], "uv_size": [1.25, 1]},
								"down": {"uv": [15.5, 41.75], "uv_size": [1.25, -1.25]}
							}
						}
					]
				},
				{
					"name": "HairBack",
					"parent": "Hair_All",
					"pivot": [0, 24.65568, 3.63158],
					"rotation": [7.5, 0, 0],
					"cubes": [
						{
							"origin": [-3.25833, 19.3783, 2.33372],
							"size": [6.51667, 2.41667, 2],
							"pivot": [-2.33333, 21.69954, 4.15795],
							"rotation": [-36, 0, 0],
							"uv": {
								"east": {"uv": [7, 45.25], "uv_size": [1.5, 1.75]},
								"south": {"uv": [6.25, 33.5], "uv_size": [5, 1.75]},
								"west": {"uv": [8.5, 45.25], "uv_size": [-1.5, 1.75]}
							}
						},
						{
							"origin": [-3.23333, 21.63113, 2.34589],
							"size": [6.46667, 3.49167, 2],
							"pivot": [2.33333, 21.69954, 4.15795],
							"rotation": [12.5, 0, 0],
							"uv": {
								"east": {"uv": [11, 35.75], "uv_size": [1.5, 2.75]},
								"south": {"uv": [0, 33.5], "uv_size": [5, 2.75]},
								"west": {"uv": [12.5, 35.75], "uv_size": [-1.5, 2.75]}
							}
						}
					]
				},
				{
					"name": "Accessory",
					"parent": "Hair_All",
					"pivot": [0, 27.8375, 0]
				},
				{
					"name": "Eyes",
					"parent": "Head",
					"pivot": [0, 6.35, -0.9875]
				},
				{
					"name": "EyeLeft",
					"parent": "Eyes",
					"pivot": [0, 6.35, -0.9875]
				},
				{
					"name": "LeftEyeOpen",
					"parent": "EyeLeft",
					"pivot": [1.63843, 22.24075, -2.92972],
					"cubes": [
						{
							"origin": [0.80395, 22.26833, -3.43572],
							"size": [1.836, 1.836, 1.512],
							"pivot": [1.74253, 23.16575, -2.35572],
							"rotation": [0, 0, -45],
							"uv": {
								"north": {"uv": [41.08333, 32.83333], "uv_size": [2.75, 2.75]}
							}
						},
						{
							"origin": [1.58577, 22.59716, -4.792],
							"size": [0.261, 1.3985, 1.35],
							"pivot": [1.58577, 24.07066, -3.392],
							"rotation": [108.39917, 86.83806, 63.4428],
							"uv": {
								"north": {"uv": [42.5, 35.75], "uv_size": [0.25, 1.75]},
								"south": {"uv": [41.5, 35.75], "uv_size": [0.25, 1.75]},
								"up": {"uv": [41.25, 37.5], "uv_size": [-0.25, -1.75]},
								"down": {"uv": [42.25, 37.5], "uv_size": [-0.25, -1.75]}
							}
						}
					]
				},
				{
					"name": "LeftWhite",
					"parent": "LeftEyeOpen",
					"pivot": [1.69008, 22.90035, -3.09661],
					"cubes": [
						{
							"origin": [0.87328, 22.13355, -3.38261],
							"size": [1.5586, 1.5336, 0.972],
							"pivot": [1.66508, 22.90035, -3.38261],
							"rotation": [0, 0, 45],
							"uv": {
								"north": {"uv": [37, 32.75], "uv_size": [3.75, 4]}
							}
						}
					]
				},
				{
					"name": "LeftEyeIris",
					"parent": "LeftWhite",
					"pivot": [1.59423, 22.90035, -3.28588],
					"cubes": [
						{
							"origin": [1.00563, 22.29555, -3.43329],
							"size": [1.15452, 1.3986, 0.7668],
							"uv": {
								"north": {"uv": [32.5, 37.08333], "uv_size": [2.5, 3]}
							}
						}
					]
				},
				{
					"name": "LeftEyelight",
					"parent": "LeftWhite",
					"pivot": [1.89339, 23.18385, -3.45578],
					"cubes": [
						{
							"origin": [1.69413, 22.99755, -3.45578],
							"size": [0.39852, 0.3726, 0],
							"uv": {
								"north": {"uv": [35, 36.83333], "uv_size": [1, 1]}
							}
						}
					]
				},
				{
					"name": "LeftEyeClose",
					"parent": "EyeLeft",
					"pivot": [0, 6.35, -0.9875],
					"cubes": [
						{
							"origin": [0.80395, 22.26833, -3.43572],
							"size": [1.836, 1.836, 1.512],
							"pivot": [1.74253, 23.16575, -2.35572],
							"rotation": [0, 0, -45],
							"uv": {
								"north": {"uv": [44.25, 32.75], "uv_size": [2.75, 2.75]}
							}
						},
						{
							"origin": [1.10395, 22.15567, -3.47641],
							"size": [1.261, 0.161, 0],
							"pivot": [1.73445, 22.27367, -3.47641],
							"rotation": [142.21199, -0.49492, -1.03409],
							"uv": {
								"north": {"uv": [43, 35.75], "uv_size": [1.75, 0.25]}
							}
						}
					]
				},
				{
					"name": "LeftEyesSqueezed",
					"parent": "EyeLeft",
					"pivot": [1.67177, 22.97889, -3.45821],
					"cubes": [
						{
							"origin": [0.80395, 22.26833, -3.43572],
							"size": [1.836, 1.836, 0],
							"pivot": [1.74253, 23.16575, -2.35572],
							"rotation": [0, 0, -90],
							"uv": {
								"north": {"uv": [49.75, 32.75], "uv_size": [2.75, 2.75]}
							}
						},
						{
							"origin": [0.85395, 22.69317, -3.47641],
							"size": [1.536, 0.2485, 0],
							"pivot": [1.64695, 22.81117, -3.47641],
							"rotation": [47.7148, 0.7425, -6.2874],
							"uv": {
								"north": {"uv": [43, 35.75], "uv_size": [1.75, 0.25]}
							}
						}
					]
				},
				{
					"name": "EyeRight",
					"parent": "Eyes",
					"pivot": [0, 6.35, -0.9875]
				},
				{
					"name": "RightEyeOpen",
					"parent": "EyeRight",
					"pivot": [-1.63843, 22.24075, -2.92972],
					"cubes": [
						{
							"origin": [-2.63995, 22.26833, -3.43572],
							"size": [1.836, 1.836, 1.512],
							"pivot": [-1.74253, 23.16575, -2.35572],
							"rotation": [0, 0, 45],
							"uv": {
								"north": {"uv": [43.83333, 32.83333], "uv_size": [-2.75, 2.75]}
							}
						},
						{
							"origin": [-1.84677, 22.59716, -4.792],
							"size": [0.261, 1.3985, 1.35],
							"pivot": [-1.58577, 24.07066, -3.392],
							"rotation": [108.39917, -86.83806, -63.4428],
							"uv": {
								"north": {"uv": [42.75, 35.75], "uv_size": [-0.25, 1.75]},
								"south": {"uv": [41.75, 35.75], "uv_size": [-0.25, 1.75]},
								"up": {"uv": [41, 37.5], "uv_size": [0.25, -1.75]},
								"down": {"uv": [42, 37.5], "uv_size": [0.25, -1.75]}
							}
						}
					]
				},
				{
					"name": "RightWhite",
					"parent": "RightEyeOpen",
					"pivot": [-1.69008, 22.90035, -3.09661],
					"cubes": [
						{
							"origin": [-2.43188, 22.13355, -3.38261],
							"size": [1.5586, 1.5336, 0.972],
							"pivot": [-1.66508, 22.90035, -3.38261],
							"rotation": [0, 0, -45],
							"uv": {
								"north": {"uv": [40.75, 32.75], "uv_size": [-3.75, 4]}
							}
						}
					]
				},
				{
					"name": "RightEyeIris",
					"parent": "RightWhite",
					"pivot": [-1.59423, 22.90035, -3.28588],
					"cubes": [
						{
							"origin": [-2.16015, 22.29555, -3.43329],
							"size": [1.15452, 1.3986, 0.7668],
							"uv": {
								"north": {"uv": [35, 37.08333], "uv_size": [-2.5, 3]}
							}
						}
					]
				},
				{
					"name": "RightEyelight",
					"parent": "RightWhite",
					"pivot": [-1.22672, 23.18385, -3.45578],
					"cubes": [
						{
							"origin": [-1.62598, 22.99755, -3.45578],
							"size": [0.39852, 0.3726, 0],
							"uv": {
								"north": {"uv": [36, 36.83333], "uv_size": [-1, 1]}
							}
						}
					]
				},
				{
					"name": "RightEyeClose",
					"parent": "EyeRight",
					"pivot": [0, 6.35, -0.9875],
					"cubes": [
						{
							"origin": [-2.63995, 22.26833, -3.43572],
							"size": [1.836, 1.836, 1.512],
							"pivot": [-1.74253, 23.16575, -2.35572],
							"rotation": [0, 0, 45],
							"uv": {
								"north": {"uv": [47, 32.75], "uv_size": [-2.75, 2.75]}
							}
						},
						{
							"origin": [-2.36495, 22.15567, -3.47641],
							"size": [1.261, 0.161, 0],
							"pivot": [-1.73445, 22.27367, -3.47641],
							"rotation": [142.21199, 0.49492, 1.03409],
							"uv": {
								"north": {"uv": [44.75, 35.75], "uv_size": [-1.75, 0.25]}
							}
						}
					]
				},
				{
					"name": "RightEyesSqueezed",
					"parent": "EyeRight",
					"pivot": [0, 6.35, -0.9875],
					"cubes": [
						{
							"origin": [-2.63995, 22.26833, -3.43572],
							"size": [1.836, 1.836, 1.512],
							"pivot": [-1.74253, 23.16575, -2.35572],
							"rotation": [0, 0, 90],
							"uv": {
								"north": {"uv": [52.5, 32.75], "uv_size": [-2.75, 2.75]}
							}
						},
						{
							"origin": [-2.38995, 22.69317, -3.47641],
							"size": [1.536, 0.2485, 0],
							"pivot": [-1.64695, 22.81117, -3.47641],
							"rotation": [47.7148, -0.7425, 6.2874],
							"uv": {
								"north": {"uv": [44.75, 35.75], "uv_size": [-1.75, 0.25]}
							}
						}
					]
				},
				{
					"name": "Eyebrows",
					"parent": "Head",
					"pivot": [0, 24.6, -3.34583],
					"rotation": [1.25, 0, 0]
				},
				{
					"name": "EyebrowLeft",
					"parent": "Eyebrows",
					"pivot": [1.67195, 24.58633, -3.33572],
					"cubes": [
						{
							"origin": [0.80395, 24.31833, -3.33572],
							"size": [1.736, 0.536, 0],
							"pivot": [1.67195, 24.58633, -2.57972],
							"rotation": [0, 0, 12.5],
							"uv": {
								"north": {"uv": [47.25, 32.75], "uv_size": [2.25, 0.75]}
							}
						}
					]
				},
				{
					"name": "EyebrowRight",
					"parent": "Eyebrows",
					"pivot": [-1.67195, 24.58633, -3.33572],
					"cubes": [
						{
							"origin": [-2.53995, 24.31833, -3.33572],
							"size": [1.736, 0.536, 0],
							"pivot": [-1.67195, 24.58633, -2.57972],
							"rotation": [0, 0, -12.5],
							"uv": {
								"north": {"uv": [49.5, 32.75], "uv_size": [-2.25, 0.75]}
							}
						}
					]
				},
				{
					"name": "nose",
					"parent": "Head",
					"pivot": [-0.00094, 22.13813, -3.15668],
					"rotation": [-46.75, 0, 0],
					"cubes": [
						{
							"origin": [-0.34556, 21.83838, -3.53206],
							"size": [0.72, 0.72, 0.72],
							"pivot": [-0.00094, 22.13813, -3.15668],
							"rotation": [0, 45, 0],
							"uv": {
								"north": {"uv": [21.75, 2.25], "uv_size": [0.75, 0.75]},
								"west": {"uv": [18.5, 24.75], "uv_size": [0.75, 0.75]},
								"down": {"uv": [21.75, 27], "uv_size": [0.75, -0.75]}
							}
						}
					]
				},
				{
					"name": "ears",
					"parent": "Head",
					"pivot": [0, 19.2, 0]
				},
				{
					"name": "earLeft",
					"parent": "ears",
					"pivot": [-3.16667, 23.6375, 0],
					"rotation": [0, 0, -35.5],
					"cubes": [
						{
							"origin": [-5.80053, 21.57854, -0.84608],
							"size": [2.85, 1.975, 1.975],
							"pivot": [-4.37553, 22.42462, 0],
							"rotation": [-45, 0, 0],
							"uv": {
								"north": {"uv": [35.75, 21.25], "uv_size": [-2.75, 2]},
								"east": {"uv": [30.25, 28.5], "uv_size": [-1.75, 1.75]},
								"up": {"uv": [35.5, 19], "uv_size": [-2.5, 2]}
							}
						},
						{
							"origin": [-5.80053, 21.56604, -0.85858],
							"size": [2.85, 2, 2],
							"pivot": [-3.95053, 22.42462, 0],
							"rotation": [-45, 0, 0],
							"uv": {
								"north": {"uv": [16.25, 27], "uv_size": [-2.75, 2]},
								"east": {"uv": [30.25, 28.5], "uv_size": [-1.75, 1.75]},
								"up": {"uv": [2.5, 27.5], "uv_size": [-2.5, 2]}
							}
						}
					]
				},
				{
					"name": "earRight",
					"parent": "ears",
					"pivot": [3.16667, 23.4625, 0],
					"rotation": [0, 0, 35.5],
					"cubes": [
						{
							"origin": [2.83687, 21.53661, -0.84608],
							"size": [2.85, 1.975, 1.975],
							"pivot": [4.26187, 22.38269, 0],
							"rotation": [-45, 0, 0],
							"uv": {
								"north": {"uv": [33, 21.25], "uv_size": [2.75, 2]},
								"west": {"uv": [28.5, 28.5], "uv_size": [1.75, 1.75]},
								"up": {"uv": [33, 19], "uv_size": [2.5, 2]}
							}
						},
						{
							"origin": [2.83687, 21.52411, -0.85858],
							"size": [2.85, 2, 2],
							"pivot": [3.83687, 22.38269, 0],
							"rotation": [-45, 0, 0],
							"uv": {
								"north": {"uv": [13.5, 27], "uv_size": [2.75, 2]},
								"west": {"uv": [28.5, 28.5], "uv_size": [1.75, 1.75]},
								"up": {"uv": [0, 27.5], "uv_size": [2.5, 2]}
							}
						}
					]
				},
				{
					"name": "mouths",
					"parent": "Head",
					"pivot": [0, 20.7, -3.29583],
					"rotation": [-17.5, 0, 0]
				},
				{
					"name": "smile",
					"parent": "mouths",
					"pivot": [0, 20.0375, -2.1875],
					"cubes": [
						{
							"origin": [-0.7, 20.5375, -3.1875],
							"size": [1.4, 1, 0.5],
							"pivot": [0, 20.0375, -2.1875],
							"rotation": [17.5, 0, 0],
							"uv": {
								"north": {"uv": [35.25, 38], "uv_size": [1.75, 1.25]}
							}
						}
					]
				},
				{
					"name": "frown",
					"parent": "mouths",
					"pivot": [0, 19.55, 0.2875],
					"cubes": [
						{
							"origin": [-0.7, 20.6125, -3.1875],
							"size": [1.4, 1, 0.5],
							"pivot": [0, 20.1125, -2.1875],
							"rotation": [17.5, 0, 0],
							"uv": {
								"north": {"uv": [37.25, 38], "uv_size": [1.75, 1.25]}
							}
						}
					]
				},
				{
					"name": "happy",
					"parent": "mouths",
					"pivot": [0, 20.81551, -3.44192],
					"cubes": [
						{
							"origin": [-0.9, 20.4, -3.1875],
							"size": [1.8, 1.325, 0],
							"pivot": [0, 20.0625, -2.1875],
							"rotation": [17.5, 0, 0],
							"uv": {
								"north": {"uv": [39.25, 38], "uv_size": [2.25, 1.75]}
							}
						}
					]
				},
				{
					"name": "BackpackLocator",
					"parent": "UpperBody",
					"pivot": [0, 17.0644, 0.3]
				},
				{
					"name": "LeftWaistLocator",
					"parent": "UpperBody",
					"pivot": [3.1875, 11.65, 0],
					"rotation": [-20, 0, 0]
				},
				{
					"name": "RightWaistLocator",
					"parent": "UpperBody",
					"pivot": [-3.275, 11.7125, 0],
					"rotation": [-5, 0, 0]
				},
				{
					"name": "DownBody",
					"parent": "AllBody",
					"pivot": [0, 18.8, 0]
				},
				{
					"name": "Skirt",
					"parent": "DownBody",
					"pivot": [0, 11.46667, 0],
					"cubes": [
						{
							"origin": [-2.7875, 10.5, -2.25],
							"size": [5.575, 1.45, 4.5],
							"uv": {
								"north": {"uv": [45.75, 0], "uv_size": [3.75, 1]},
								"east": {"uv": [45.75, 11.5], "uv_size": [3, 1]},
								"south": {"uv": [45.75, 2], "uv_size": [3.75, 1]},
								"west": {"uv": [36.25, 12.75], "uv_size": [3, 1]},
								"up": {"uv": [33.75, 0], "uv_size": [3.5, 3]},
								"down": {"uv": [33.75, 7], "uv_size": [3.5, -3]}
							}
						}
					]
				},
				{
					"name": "SkirtBack",
					"parent": "Skirt",
					"pivot": [0, 10.1875, 1.87917],
					"cubes": [
						{
							"origin": [-2.75, 6.9, -2.06667],
							"size": [5.5, 3.9, 2.5],
							"pivot": [0, 0, 0],
							"rotation": [-180, 0, 180],
							"uv": {
								"north": {"uv": [38.25, 0], "uv_size": [3.5, 2.75]},
								"east": {"uv": [40.25, 9.25], "uv_size": [1.75, 2.75]},
								"west": {"uv": [40.25, 9.25], "uv_size": [1.75, 2.75]}
							}
						}
					]
				},
				{
					"name": "SkirtSide",
					"parent": "Skirt",
					"pivot": [0, 10.65, 1.41667],
					"cubes": [
						{
							"origin": [-2.8, 6.9, -1.48333],
							"size": [5.6, 3.75, 3],
							"uv": {
								"east": {"uv": [45, 3.25], "uv_size": [-2, 2.5]},
								"west": {"uv": [43, 3.25], "uv_size": [2, 2.5]}
							}
						}
					]
				},
				{
					"name": "SkirtSideLeft",
					"parent": "SkirtSide",
					"pivot": [2.7, 10.65, -0.25],
					"cubes": [
						{
							"origin": [-1.9625, 6.9, -1.80833],
							"size": [4.7625, 3.75, 3.65],
							"uv": {
								"north": {"uv": [38.25, 6.25], "uv_size": [3.5, 2.75]},
								"west": {"uv": [43, 3.25], "uv_size": [2, 2.5]}
							}
						}
					]
				},
				{
					"name": "SkirtSideRight",
					"parent": "SkirtSide",
					"pivot": [-2.7, 10.65, -0.25],
					"cubes": [
						{
							"origin": [-2.8, 6.9, -1.80833],
							"size": [4.7625, 3.75, 3.65],
							"uv": {
								"north": {"uv": [41.75, 6.25], "uv_size": [-3.5, 2.75]},
								"east": {"uv": [45, 3.25], "uv_size": [-2, 2.5]}
							}
						}
					]
				},
				{
					"name": "SkirtFront",
					"parent": "Skirt",
					"pivot": [0, 10.575, -1.96667],
					"cubes": [
						{
							"origin": [-2.775, 6.9, -2.06667],
							"size": [5.55, 3.9, 2.5],
							"uv": {
								"north": {"uv": [38.25, 3.25], "uv_size": [3.5, 2.75]},
								"east": {"uv": [35.5, 10.75], "uv_size": [-1.75, 2.75]},
								"west": {"uv": [33.75, 10.75], "uv_size": [1.75, 2.75]}
							}
						}
					]
				},
				{
					"name": "Legs",
					"parent": "DownBody",
					"pivot": [0, 11.58333, 0]
				},
				{
					"name": "LeftLeg",
					"parent": "Legs",
					"pivot": [1.474, 11.03583, 0],
					"cubes": [
						{
							"origin": [0.37125, 5.93333, -1.255],
							"size": [2.1365, 5.07, 2.46],
							"uv": {
								"north": {"uv": [12.25, 22.5], "uv_size": [1.75, 3.5]},
								"east": {"uv": [11.5, 17.75], "uv_size": [2, 3.75]},
								"south": {"uv": [15.5, 22.5], "uv_size": [1.75, 3.5]},
								"west": {"uv": [3, 20], "uv_size": [2, 3.75]},
								"up": {"uv": [18.5, 26.25], "uv_size": [1.75, 2]},
								"down": {"uv": [26.25, 27.5], "uv_size": [1.75, -2]}
							}
						}
					]
				},
				{
					"name": "LeftLegCover",
					"parent": "LeftLeg",
					"pivot": [2.59525, 5.93333, -1.255],
					"cubes": [
						{
							"origin": [0.40775, 5.93333, -1.255],
							"size": [2.0625, 1.725, 1.7375],
							"pivot": [2.59525, 5.93333, -1.255],
							"rotation": [-45, 0, 0],
							"uv": {
								"north": {"uv": [39.75, 15.75], "uv_size": [2.25, 1.75]},
								"east": {"uv": [39.75, 15.75], "uv_size": [1.75, 1.75]},
								"south": {"uv": [39.75, 15.75], "uv_size": [2.25, 1.75]},
								"west": {"uv": [39.75, 15.75], "uv_size": [1.75, 1.75]},
								"up": {"uv": [42, 17.5], "uv_size": [-2.25, -1.75]},
								"down": {"uv": [42, 15.5], "uv_size": [-2.25, -1.75]}
							}
						}
					]
				},
				{
					"name": "LeftLowerLeg",
					"parent": "LeftLeg",
					"pivot": [1.24975, 5.96283, 0.02425],
					"rotation": [2.5, 0, 0],
					"cubes": [
						{
							"origin": [0.3885, 1.04983, -1.23775],
							"size": [2.102, 4.92, 2.46],
							"uv": {
								"north": {"uv": [17, 17], "uv_size": [1.75, 4.25]},
								"east": {"uv": [8.5, 16.25], "uv_size": [2, 4.25]},
								"south": {"uv": [0, 17.75], "uv_size": [1.75, 4.25]},
								"west": {"uv": [17, 3.75], "uv_size": [2, 4.25]},
								"up": {"uv": [7.75, 27], "uv_size": [1.75, 2]},
								"down": {"uv": [10.75, 29], "uv_size": [1.75, -2]}
							}
						}
					]
				},
				{
					"name": "LeftLowderLegCover",
					"parent": "LeftLowerLeg",
					"pivot": [2.4905, 1.0498, -1.2378],
					"cubes": [
						{
							"origin": [0.401, 0.41733, -1.23775],
							"size": [2.077, 0.6325, 2.36],
							"pivot": [2.4905, 1.04983, -1.23775],
							"rotation": [15, 0, 0],
							"uv": {
								"north": {"uv": [17, 17], "uv_size": [1.75, 4.25]},
								"east": {"uv": [8.5, 16.25], "uv_size": [2, 4.25]},
								"south": {"uv": [0, 17.75], "uv_size": [1.75, 4.25]},
								"west": {"uv": [17, 3.75], "uv_size": [2, 4.25]},
								"up": {"uv": [7.75, 27], "uv_size": [1.75, 2]},
								"down": {"uv": [10.75, 29], "uv_size": [1.75, -2]}
							}
						}
					]
				},
				{
					"name": "LeftFoot",
					"parent": "LeftLowerLeg",
					"pivot": [1.50075, 1.35458, 0.207],
					"cubes": [
						{
							"origin": [0.329, 0.14904, -1.11276],
							"size": [2.22275, 1.311, 2.36951],
							"uv": {
								"east": {"uv": [30.25, 10.75], "uv_size": [1.5, 1]},
								"south": {"uv": [29, 0], "uv_size": [2, 1]},
								"west": {"uv": [30.25, 13.25], "uv_size": [1.5, 0.75]},
								"up": {"uv": [27, 11.5], "uv_size": [2, 1.75]}
							}
						},
						{
							"origin": [0.33055, 0.08863, -2.98945],
							"size": [2.21965, 0.6019, 4.24465],
							"inflate": 0.005,
							"uv": {
								"north": {"uv": [29.25, 27], "uv_size": [2, 0.75]},
								"east": {"uv": [27.75, 21], "uv_size": [3.25, 0.75]},
								"south": {"uv": [30.25, 4.75], "uv_size": [1.75, 0.75]},
								"west": {"uv": [21.75, 27.75], "uv_size": [3.25, 0.75]},
								"down": {"uv": [0, 26.5], "uv_size": [2, -3.25]}
							}
						},
						{
							"origin": [0.30745, 0.29988, -2.92072],
							"size": [2.26025, 0.715, 2.03975],
							"pivot": [0.0302, 0.66988, -2.15485],
							"rotation": [22.5, 0, 0],
							"uv": {
								"east": {"uv": [20.75, 15.5], "uv_size": [1.75, 0.5]},
								"south": {"uv": [31, 28.5], "uv_size": [1.75, 0.75]},
								"west": {"uv": [23.25, 31.75], "uv_size": [1.5, 0.5]},
								"up": {"uv": [27.75, 18.5], "uv_size": [2, 1.5]}
							}
						}
					]
				},
				{
					"name": "RightLeg",
					"parent": "Legs",
					"pivot": [-1.474, 11.08583, 0],
					"cubes": [
						{
							"origin": [-2.50775, 5.93333, -1.255],
							"size": [2.1365, 5.07, 2.46],
							"uv": {
								"north": {"uv": [14, 22.5], "uv_size": [-1.75, 3.5]},
								"east": {"uv": [5, 20], "uv_size": [-2, 3.75]},
								"south": {"uv": [17.25, 22.5], "uv_size": [-1.75, 3.5]},
								"west": {"uv": [13.5, 17.75], "uv_size": [-2, 3.75]},
								"up": {"uv": [20.25, 26.25], "uv_size": [-1.75, 2]},
								"down": {"uv": [28, 27.5], "uv_size": [-1.75, -2]}
							}
						}
					]
				},
				{
					"name": "RightLegCover",
					"parent": "RightLeg",
					"pivot": [-1.439, 5.92891, -0.03082],
					"cubes": [
						{
							"origin": [-2.47025, 5.06641, -0.89957],
							"size": [2.0625, 1.725, 1.7375],
							"pivot": [-1.439, 5.92891, -0.03082],
							"rotation": [-45, 0, 0],
							"uv": {
								"north": {"uv": [42, 15.75], "uv_size": [-2.25, 1.75]},
								"east": {"uv": [41.5, 15.75], "uv_size": [-1.75, 1.75]},
								"south": {"uv": [42, 15.75], "uv_size": [-2.25, 1.75]},
								"west": {"uv": [41.5, 15.75], "uv_size": [-1.75, 1.75]},
								"up": {"uv": [39.75, 17.5], "uv_size": [2.25, -1.75]},
								"down": {"uv": [39.75, 15.5], "uv_size": [2.25, -1.75]}
							}
						}
					]
				},
				{
					"name": "RightLowerLeg",
					"parent": "RightLeg",
					"pivot": [-1.24975, 5.96283, 0.02425],
					"cubes": [
						{
							"origin": [-2.4905, 1.04983, -1.23775],
							"size": [2.102, 4.92, 2.46],
							"uv": {
								"north": {"uv": [18.75, 17], "uv_size": [-1.75, 4.25]},
								"east": {"uv": [19, 3.75], "uv_size": [-2, 4.25]},
								"south": {"uv": [1.75, 17.75], "uv_size": [-1.75, 4.25]},
								"west": {"uv": [10.5, 16.25], "uv_size": [-2, 4.25]},
								"up": {"uv": [9.5, 27], "uv_size": [-1.75, 2]},
								"down": {"uv": [12.5, 29], "uv_size": [-1.75, -2]}
							}
						}
					]
				},
				{
					"name": "RightFoot",
					"parent": "RightLowerLeg",
					"pivot": [-1.50075, 1.02958, 0.207],
					"cubes": [
						{
							"origin": [-2.55175, 0.14904, -1.11276],
							"size": [2.22275, 1.311, 2.36951],
							"uv": {
								"east": {"uv": [31.75, 13.25], "uv_size": [-1.5, 0.75]},
								"south": {"uv": [31, 0], "uv_size": [-2, 1]},
								"west": {"uv": [31.75, 10.75], "uv_size": [-1.5, 1]},
								"up": {"uv": [29, 11.5], "uv_size": [-2, 1.75]}
							}
						},
						{
							"origin": [-2.5502, 0.08863, -2.98945],
							"size": [2.21965, 0.6019, 4.24465],
							"inflate": 0.005,
							"uv": {
								"north": {"uv": [31.25, 27], "uv_size": [-2, 0.75]},
								"east": {"uv": [25, 27.75], "uv_size": [-3.25, 0.75]},
								"south": {"uv": [32, 4.75], "uv_size": [-1.75, 0.75]},
								"west": {"uv": [31, 21], "uv_size": [-3.25, 0.75]},
								"down": {"uv": [2, 26.5], "uv_size": [-2, -3.25]}
							}
						},
						{
							"origin": [-2.5677, 0.29988, -2.92072],
							"size": [2.26025, 0.715, 2.03975],
							"pivot": [-0.0302, 0.66988, -2.15485],
							"rotation": [22.5, 0, 0],
							"uv": {
								"east": {"uv": [24.75, 31.75], "uv_size": [-1.5, 0.5]},
								"south": {"uv": [32.75, 28.5], "uv_size": [-1.75, 0.75]},
								"west": {"uv": [22.5, 15.5], "uv_size": [-1.75, 0.5]},
								"up": {"uv": [29.75, 18.5], "uv_size": [-2, 1.5]}
							}
						}
					]
				},
				{
					"name": "RightLowderLegCover",
					"parent": "RightLowerLeg",
					"pivot": [-1.51275, 1.04616, -1.23825],
					"cubes": [
						{
							"origin": [-2.453, 0.41733, -1.23775],
							"size": [2.0395, 0.6325, 2.36],
							"pivot": [-2.4905, 1.04983, -1.23775],
							"rotation": [15, 0, 0],
							"uv": {
								"north": {"uv": [18.75, 17], "uv_size": [-1.75, 4.25]},
								"east": {"uv": [19, 3.75], "uv_size": [-2, 4.25]},
								"south": {"uv": [1.75, 17.75], "uv_size": [-1.75, 4.25]},
								"west": {"uv": [10.5, 16.25], "uv_size": [-2, 4.25]},
								"up": {"uv": [9.5, 27], "uv_size": [-1.75, 2]},
								"down": {"uv": [12.5, 29], "uv_size": [-1.75, -2]}
							}
						}
					]
				}
			]
		}
	]
}