{
	"format_version": "1.21.0",
	"minecraft:geometry": [
		{
			"description": {
				"identifier": "geometry.unknown",
				"texture_width": 64,
				"texture_height": 64,
				"visible_bounds_width": 5,
				"visible_bounds_height": 5.5,
				"visible_bounds_offset": [0, 2.25, 0]
			},
			"bones": [
				{
					"name": "Root",
					"pivot": [0, 0.1, 0]
				},
				{
					"name": "AllBody",
					"parent": "Root",
					"pivot": [0, 11.27734, 0]
				},
				{
					"name": "UpBody",
					"parent": "AllBody",
					"pivot": [0, 12.0685, 0],
					"cubes": [
						{
							"origin": [-0.74235, 11.88796, -1.63051],
							"size": [2.9694, 2.39623, 3.34247],
							"pivot": [0, 13.05451, -0.19885],
							"rotation": [0, 0, -12.5],
							"uv": {
								"north": {"uv": [6.75, 16.25], "uv_size": [1, 2.5]},
								"south": {"uv": [17, 0], "uv_size": [2.75, 2.25]},
								"west": {"uv": [17.5, 14.75], "uv_size": [2.75, 1.75]}
							}
						},
						{
							"origin": [-2.22705, 11.88796, -1.63051],
							"size": [2.9694, 2.39623, 3.38035],
							"pivot": [0, 13.05451, -0.19885],
							"rotation": [0, 0, 12.5],
							"uv": {
								"north": {"uv": [3.75, 16.25], "uv_size": [1.16667, 2.5]},
								"east": {"uv": [17.5, 14.75], "uv_size": [2.75, 1.75]},
								"south": {"uv": [19.75, 0], "uv_size": [-2.75, 2.25]}
							}
						}
					]
				},
				{
					"name": "belly",
					"parent": "UpBody",
					"pivot": [0, 13.129, -2.39034],
					"cubes": [
						{
							"origin": [-2.23462, 13.20475, -2.77497],
							"size": [4.35563, 2.65125, 1.4847],
							"pivot": [1.0605, 13.20475, -2.77497],
							"rotation": [-40, 0, 0],
							"uv": {
								"north": {"uv": [8.25, 21.5], "uv_size": [3.25, 2]},
								"east": {"uv": [19.5, 2.75], "uv_size": [1.5, 2.75]},
								"south": {"uv": [13.75, 10.25], "uv_size": [1.75, 1]},
								"west": {"uv": [21, 2.75], "uv_size": [-1.5, 2.75]},
								"up": {"uv": [13.75, 11], "uv_size": [-2, -0.75]}
							}
						},
						{
							"origin": [-2.1816, 13.20475, -2.77497],
							"size": [4.24957, 2.121, 1.4847],
							"pivot": [1.0605, 13.20475, -2.77497],
							"rotation": [-65, 0, 0],
							"uv": {
								"east": {"uv": [19.25, 5.75], "uv_size": [1.25, 1.75]},
								"west": {"uv": [19.25, 5.75], "uv_size": [1.25, 1.75]},
								"down": {"uv": [11.75, 25], "uv_size": [-3.5, -1.25]}
							}
						},
						{
							"origin": [-0.404, 12.64925, -3.00896],
							"size": [0.808, 0.808, 0.606],
							"pivot": [0, 13.05325, -1.99896],
							"rotation": [0, 0, 45],
							"uv": {
								"north": {"uv": [21.25, 4.75], "uv_size": [0.75, 0.75]},
								"east": {"uv": [22.25, 4.25], "uv_size": [0.5, 0.75]},
								"west": {"uv": [20.75, 5.75], "uv_size": [0.5, 0.75]},
								"up": {"uv": [22, 3.75], "uv_size": [-0.75, -0.5]},
								"down": {"uv": [22, 4.5], "uv_size": [-0.75, -0.5]}
							}
						}
					]
				},
				{
					"name": "UpperBody",
					"parent": "UpBody",
					"pivot": [0, 14.51775, 0],
					"cubes": [
						{
							"origin": [-2.121, 14.30186, -1.57749],
							"size": [4.13595, 3.16635, 3.34058],
							"uv": {
								"north": {"uv": [31.25, 23.5], "uv_size": [3.5, 2.75]},
								"east": {"uv": [35.75, 15.75], "uv_size": [-3, 2.5]},
								"south": {"uv": [33.25, 26.5], "uv_size": [3.75, 2.5]},
								"west": {"uv": [32.75, 15.75], "uv_size": [3, 2.5]},
								"up": {"uv": [30.25, 15.5], "uv_size": [1, 1.25]},
								"down": {"uv": [12.25, 7.75], "uv_size": [4, -3]}
							}
						},
						{
							"origin": [-0.01149, 17.10294, -1.81477],
							"size": [2.7573, 2.26619, 3.60318],
							"pivot": [-0.01149, 19.36912, -2.1487],
							"rotation": [0, 0, 15.47328],
							"uv": {
								"north": {"uv": [8, 21.25], "uv_size": [-2.5, 2]},
								"south": {"uv": [21.75, 16.75], "uv_size": [-2.75, 2.25]},
								"west": {"uv": [11.5, 8], "uv_size": [3, 2]},
								"up": {"uv": [13.5, 14.25], "uv_size": [-2.25, 3.25]}
							}
						},
						{
							"origin": [-2.74581, 17.10294, -1.80214],
							"size": [2.7573, 2.26619, 3.57793],
							"pivot": [0.01149, 19.36912, -2.1487],
							"rotation": [0, 0, -15.47328],
							"uv": {
								"north": {"uv": [5.5, 21.25], "uv_size": [2.5, 2]},
								"east": {"uv": [14.5, 8], "uv_size": [-3, 2]},
								"south": {"uv": [19, 16.75], "uv_size": [2.75, 2.25]},
								"up": {"uv": [11.25, 14.25], "uv_size": [2.25, 3.25]}
							}
						},
						{
							"origin": [0.44977, 16.13883, -1.81477],
							"size": [1.65135, 0.75119, 0.2929],
							"pivot": [0.44977, 16.89002, -1.81477],
							"rotation": [17.75, 0, 15.47328],
							"uv": {
								"north": {"uv": [8.25, 23.5], "uv_size": [-1.5, 0.75]},
								"west": {"uv": [11.75, 12], "uv_size": [0.25, 0.75]}
							}
						},
						{
							"origin": [-2.10112, 16.13883, -1.81477],
							"size": [1.65135, 0.75119, 0.2929],
							"pivot": [-0.44977, 16.89002, -1.81477],
							"rotation": [17.75, 0, -15.47328],
							"uv": {
								"north": {"uv": [6.75, 23.5], "uv_size": [1.5, 0.75]},
								"east": {"uv": [11.75, 12], "uv_size": [0.25, 0.75]}
							}
						}
					]
				},
				{
					"name": "Arms",
					"parent": "UpperBody",
					"pivot": [0, 18.2295, 0]
				},
				{
					"name": "RightArm",
					"parent": "Arms",
					"pivot": [-3.06258, 17.6019, 0.06464],
					"rotation": [0, 0, 8],
					"cubes": [
						{
							"origin": [-3.73796, 14.11747, -0.71646],
							"size": [1.4645, 3.79, 1.5622],
							"uv": {
								"north": {"uv": [26.75, 17.75], "uv_size": [-1.25, 3]},
								"east": {"uv": [24.5, 21.75], "uv_size": [-1.25, 3]},
								"south": {"uv": [26.75, 21.75], "uv_size": [-1.25, 3]},
								"west": {"uv": [24.5, 17.75], "uv_size": [-1.25, 3]},
								"up": {"uv": [31.25, 15.5], "uv_size": [-1, 1.25]},
								"down": {"uv": [3.5, 32.25], "uv_size": [-1.25, -1.25]}
							}
						},
						{
							"origin": [-3.73796, 17.90747, -0.67858],
							"size": [0.89638, 1.47712, 1.48645],
							"pivot": [-3.73796, 17.90747, -0.80396],
							"rotation": [0, 0, 56.5],
							"uv": {
								"north": {"uv": [26.75, 17.75], "uv_size": [-1.25, 3]},
								"east": {"uv": [24.5, 21.75], "uv_size": [-1.25, 3]},
								"south": {"uv": [26.75, 21.75], "uv_size": [-1.25, 3]},
								"west": {"uv": [24.5, 17.75], "uv_size": [-1.25, 3]},
								"up": {"uv": [31.25, 15.5], "uv_size": [-1, 1.25]},
								"down": {"uv": [3.5, 32.25], "uv_size": [-1.25, -1.25]}
							}
						},
						{
							"origin": [-3.69655, 14.12151, -0.7003],
							"size": [1.38168, 1.23725, 1.0572],
							"pivot": [-3.7218, 14.12151, -0.7878],
							"rotation": [-45, 0, 0],
							"uv": {
								"north": {"uv": [31.25, 31], "uv_size": [-1, 0.75]},
								"east": {"uv": [32.75, 22.5], "uv_size": [-1, 0.75]},
								"south": {"uv": [32.75, 6.25], "uv_size": [-1, 1]},
								"west": {"uv": [21.75, 31.75], "uv_size": [-1, 1]},
								"up": {"uv": [17.5, 31.75], "uv_size": [-1.25, 1]},
								"down": {"uv": [19.75, 32.75], "uv_size": [-1.25, -1]}
							}
						}
					]
				},
				{
					"name": "RightForeArm",
					"parent": "RightArm",
					"pivot": [-3.07361, 14.1693, 0.0808],
					"cubes": [
						{
							"origin": [-3.7218, 10.68751, -0.7003],
							"size": [1.43218, 3.434, 1.5622],
							"uv": {
								"north": {"uv": [29, 2.25], "uv_size": [-1.25, 2.75]},
								"east": {"uv": [4.5, 24.75], "uv_size": [-1.5, 2.75]},
								"south": {"uv": [29, 14.75], "uv_size": [-1.25, 2.75]},
								"west": {"uv": [25.25, 8.5], "uv_size": [-1.25, 2.75]},
								"down": {"uv": [32, 19], "uv_size": [-1, -1.25]}
							}
						}
					]
				},
				{
					"name": "RightHand",
					"parent": "RightForeArm",
					"pivot": [-3.07361, 11.06658, 0.0808]
				},
				{
					"name": "RightHandLocator",
					"parent": "RightHand",
					"pivot": [-2.64688, 9.77883, 0.01616]
				},
				{
					"name": "righthandclose",
					"parent": "RightHand",
					"pivot": [-3.07361, 11.06658, 0.0808],
					"cubes": [
						{
							"origin": [-3.69021, 8.91932, -0.79625],
							"size": [1.5655, 1.78013, 1.71875],
							"uv": {
								"north": {"uv": [17.5, 8.5], "uv_size": [1.5, 1.5]},
								"east": {"uv": [15.75, 10], "uv_size": [1.5, 1.5]},
								"south": {"uv": [17.5, 10], "uv_size": [1.5, 1.5]},
								"west": {"uv": [15.75, 8.5], "uv_size": [1.5, 1.5]},
								"up": {"uv": [20.5, 11.5], "uv_size": [-1.5, -1.5]},
								"down": {"uv": [20.5, 10], "uv_size": [-1.5, -1.5]}
							}
						}
					]
				},
				{
					"name": "righthandopen",
					"parent": "RightHand",
					"pivot": [-3.42009, 10.70786, 0],
					"cubes": [
						{
							"origin": [-3.69442, 9.25128, -0.67505],
							"size": [1.414, 1.5352, 1.5117],
							"uv": {
								"north": {"uv": [8.75, 29.25], "uv_size": [-1.5, 1.5]},
								"east": {"uv": [15.25, 29.25], "uv_size": [-1.5, 1.75]},
								"south": {"uv": [5.25, 31.25], "uv_size": [-1.5, 1.5]},
								"west": {"uv": [6.75, 29], "uv_size": [-1.5, 1.16667]},
								"up": {"uv": [26.5, 31], "uv_size": [-1, 1.25]},
								"down": {"uv": [28.75, 32.5], "uv_size": [-1, -1.5]}
							}
						},
						{
							"origin": [-3.69442, 7.71608, -0.66242],
							"size": [0.909, 1.5352, 1.48645],
							"pivot": [-3.69442, 9.25128, -0.76255],
							"rotation": [0, 0, -45],
							"uv": {
								"north": {"uv": [8.75, 30.75], "uv_size": [-1, 1.75]},
								"east": {"uv": [15.25, 31], "uv_size": [-1.5, 1.25]},
								"south": {"uv": [6.5, 31.25], "uv_size": [-1, 1.75]},
								"west": {"uv": [6.75, 29.66667], "uv_size": [-1.5, 1.33333]},
								"up": {"uv": [26.5, 31], "uv_size": [-1, 1.25]},
								"down": {"uv": [28.75, 32.5], "uv_size": [-1, -1.5]}
							}
						}
					]
				},
				{
					"name": "LeftArm",
					"parent": "Arms",
					"pivot": [3.06258, 17.6019, 0.06464],
					"rotation": [0, 0, -8],
					"cubes": [
						{
							"origin": [2.27346, 14.11747, -0.71646],
							"size": [1.4645, 3.79, 1.5622],
							"uv": {
								"north": {"uv": [25.5, 17.75], "uv_size": [1.25, 3]},
								"east": {"uv": [23.25, 17.75], "uv_size": [1.25, 3]},
								"south": {"uv": [25.5, 21.75], "uv_size": [1.25, 3]},
								"west": {"uv": [23.25, 21.75], "uv_size": [1.25, 3]},
								"up": {"uv": [30.25, 15.5], "uv_size": [1, 1.25]},
								"down": {"uv": [2.25, 32.25], "uv_size": [1.25, -1.25]}
							}
						},
						{
							"origin": [2.84158, 17.90747, -0.67858],
							"size": [0.89638, 1.47712, 1.48645],
							"pivot": [3.73796, 17.90747, -0.80396],
							"rotation": [0, 0, -56.5],
							"uv": {
								"north": {"uv": [25.5, 17.75], "uv_size": [1.25, 3]},
								"east": {"uv": [23.25, 17.75], "uv_size": [1.25, 3]},
								"south": {"uv": [25.5, 21.75], "uv_size": [1.25, 3]},
								"west": {"uv": [23.25, 21.75], "uv_size": [1.25, 3]},
								"up": {"uv": [30.25, 15.5], "uv_size": [1, 1.25]},
								"down": {"uv": [2.25, 32.25], "uv_size": [1.25, -1.25]}
							}
						},
						{
							"origin": [2.31487, 14.12151, -0.7003],
							"size": [1.38168, 1.23725, 1.0572],
							"pivot": [3.7218, 14.12151, -0.7878],
							"rotation": [-45, 0, 0],
							"uv": {
								"north": {"uv": [30.25, 31], "uv_size": [1, 0.75]},
								"east": {"uv": [20.75, 31.75], "uv_size": [1, 1]},
								"south": {"uv": [31.75, 6.25], "uv_size": [1, 1]},
								"west": {"uv": [31.75, 22.5], "uv_size": [1, 0.75]},
								"up": {"uv": [16.25, 31.75], "uv_size": [1.25, 1]},
								"down": {"uv": [18.5, 32.75], "uv_size": [1.25, -1]}
							}
						}
					]
				},
				{
					"name": "LeftForeArm",
					"parent": "LeftArm",
					"pivot": [3.07361, 14.1693, 0.0808],
					"cubes": [
						{
							"origin": [2.28962, 10.68751, -0.7003],
							"size": [1.43218, 3.434, 1.5622],
							"uv": {
								"north": {"uv": [27.75, 2.25], "uv_size": [1.25, 2.75]},
								"east": {"uv": [24, 8.5], "uv_size": [1.25, 2.75]},
								"south": {"uv": [27.75, 14.75], "uv_size": [1.25, 2.75]},
								"west": {"uv": [3, 24.75], "uv_size": [1.5, 2.75]},
								"down": {"uv": [31, 19], "uv_size": [1, -1.25]}
							}
						}
					]
				},
				{
					"name": "LeftHand",
					"parent": "LeftForeArm",
					"pivot": [3.07361, 11.06658, 0.0808]
				},
				{
					"name": "LeftHandLocator",
					"parent": "LeftHand",
					"pivot": [2.64688, 9.77883, 0.01616]
				},
				{
					"name": "lefthandclose",
					"parent": "LeftHand",
					"pivot": [3.07361, 11.06658, 0.0808],
					"cubes": [
						{
							"origin": [2.12471, 8.91932, -0.79625],
							"size": [1.5655, 1.78013, 1.71875],
							"uv": {
								"north": {"uv": [19, 8.5], "uv_size": [-1.5, 1.5]},
								"east": {"uv": [17.25, 8.5], "uv_size": [-1.5, 1.5]},
								"south": {"uv": [19, 10], "uv_size": [-1.5, 1.5]},
								"west": {"uv": [17.25, 10], "uv_size": [-1.5, 1.5]},
								"up": {"uv": [19, 11.5], "uv_size": [1.5, -1.5]},
								"down": {"uv": [19, 10], "uv_size": [1.5, -1.5]}
							}
						}
					]
				},
				{
					"name": "lefthandopen",
					"parent": "LeftHand",
					"pivot": [3.42009, 10.70786, 0],
					"cubes": [
						{
							"origin": [2.28042, 9.25128, -0.67505],
							"size": [1.414, 1.5352, 1.5117],
							"uv": {
								"north": {"uv": [7.25, 29.25], "uv_size": [1.5, 1.5]},
								"east": {"uv": [5.25, 29], "uv_size": [1.5, 1.16667]},
								"south": {"uv": [3.75, 31.25], "uv_size": [1.5, 1.5]},
								"west": {"uv": [13.75, 29.25], "uv_size": [1.5, 1.75]},
								"up": {"uv": [25.5, 31], "uv_size": [1, 1.25]},
								"down": {"uv": [27.75, 32.5], "uv_size": [1, -1.5]}
							}
						},
						{
							"origin": [2.78542, 7.71608, -0.66242],
							"size": [0.909, 1.5352, 1.48645],
							"pivot": [3.69442, 9.25128, -0.76255],
							"rotation": [0, 0, 45],
							"uv": {
								"north": {"uv": [7.75, 30.75], "uv_size": [1, 1.75]},
								"east": {"uv": [5.25, 29.66667], "uv_size": [1.5, 1.33333]},
								"south": {"uv": [5.5, 31.25], "uv_size": [1, 1.75]},
								"west": {"uv": [13.75, 31], "uv_size": [1.5, 1.25]},
								"up": {"uv": [25.5, 31], "uv_size": [1, 1.25]},
								"down": {"uv": [27.75, 32.5], "uv_size": [1, -1.5]}
							}
						}
					]
				},
				{
					"name": "AllHead",
					"parent": "UpperBody",
					"pivot": [0, 18.8355, 0],
					"cubes": [
						{
							"origin": [-0.72057, 18.47521, -1.0133],
							"size": [1.80144, 1.80144, 1.71136],
							"pivot": [0.18014, 1.85697, 0],
							"rotation": [0, 45, 0],
							"uv": {
								"north": {"uv": [3, 28.25], "uv_size": [1.5, 1.5]},
								"east": {"uv": [26, 0], "uv_size": [2, 1.75]},
								"south": {"uv": [26, 28.25], "uv_size": [1.5, 1.5]},
								"west": {"uv": [26, 0], "uv_size": [2, 1.75]},
								"up": {"uv": [5.25, 26], "uv_size": [1.75, 2.25]},
								"down": {"uv": [26, 10.75], "uv_size": [1.5, -2.25]}
							}
						}
					]
				},
				{
					"name": "Head",
					"parent": "AllHead",
					"pivot": [-0.01856, 20.00121, -0.08563],
					"cubes": [
						{
							"origin": [-3.03899, 24.41342, 2.68213],
							"size": [6.07798, 1.57769, 1.75791],
							"pivot": [3.03899, 25.9911, 2.68213],
							"rotation": [-42.22741, -0.05358, 0.03144],
							"uv": {
								"east": {"uv": [17.83333, 26.91667], "uv_size": [-0.91667, 1]},
								"west": {"uv": [17.83333, 26.91667], "uv_size": [-0.91667, 1]},
								"up": {"uv": [22.25, 5.25], "uv_size": [4.75, 1.25]}
							}
						},
						{
							"origin": [-3.01624, 25.19234, -4.45283],
							"size": [6.05523, 0.80276, 1.69992],
							"pivot": [-3.01624, 25.9951, -2.75291],
							"rotation": [44.0274, 0.0364, 0.0378],
							"uv": {
								"east": {"uv": [17.83333, 26.91667], "uv_size": [-0.91667, 1]},
								"west": {"uv": [17.83333, 26.91667], "uv_size": [-0.91667, 1]},
								"up": {"uv": [22.5, 2], "uv_size": [4.75, 1.25]}
							}
						},
						{
							"origin": [-4.70758, 24.41484, -2.75676],
							"size": [1.6686, 1.57626, 5.43889],
							"pivot": [-3.039, 25.99109, -2.10903],
							"rotation": [0, 0, -45.076],
							"uv": {
								"north": {"uv": [17.83333, 26.91667], "uv_size": [-0.91667, 1]},
								"south": {"uv": [17.83333, 26.91667], "uv_size": [-0.91667, 1]},
								"up": {"uv": [25.5, 13.75], "uv_size": [1.25, 3.75]}
							}
						},
						{
							"origin": [-4.2173, 20.125, -2.75676],
							"size": [1.27523, 1.57626, 5.43889],
							"pivot": [-4.2173, 20.125, -1.89048],
							"rotation": [0, 0, 22.48252],
							"uv": {
								"north": {"uv": [17.83333, 26.91667], "uv_size": [-0.91667, 1]},
								"south": {"uv": [17.83333, 26.91667], "uv_size": [-0.91667, 1]},
								"down": {"uv": [4.25, 14.75], "uv_size": [-1, -4.5]}
							}
						},
						{
							"origin": [2.94207, 20.125, -2.75676],
							"size": [1.27523, 1.57626, 5.43889],
							"pivot": [4.2173, 20.125, -1.89048],
							"rotation": [0, 0, -22.48252],
							"uv": {
								"north": {"uv": [17.83333, 26.91667], "uv_size": [-0.91667, 1]},
								"south": {"uv": [17.83333, 26.91667], "uv_size": [-0.91667, 1]},
								"down": {"uv": [3.25, 14.75], "uv_size": [1, -4.5]}
							}
						},
						{
							"origin": [3.03899, 25.16485, -2.75676],
							"size": [1.66618, 0.82626, 5.43889],
							"pivot": [3.03899, 25.9911, -2.10903],
							"rotation": [0, 0, 45.1594],
							"uv": {
								"north": {"uv": [17.83333, 26.91667], "uv_size": [-0.91667, 1]},
								"south": {"uv": [17.83333, 26.91667], "uv_size": [-0.91667, 1]},
								"up": {"uv": [25.5, 13.75], "uv_size": [1.25, 3.75]}
							}
						},
						{
							"origin": [-3.03899, 19.63735, -2.75676],
							"size": [6.07798, 6.35376, 5.43889],
							"uv": {
								"up": {"uv": [12, 0], "uv_size": [4.25, 3.75]},
								"down": {"uv": [36, 22.25], "uv_size": [4.25, 3.75]}
							}
						},
						{
							"origin": [-4.7372, 20.125, -3.97655],
							"size": [1.69666, 4.68466, 1.89947],
							"pivot": [-3.04055, 24.80966, -3.97901],
							"rotation": [0, 46.0034, 0],
							"uv": {
								"north": {"uv": [1.25, 10.25], "uv_size": [-1.25, 3.75]},
								"up": {"uv": [16.91666, 27.91667], "uv_size": [0.91667, -1]}
							}
						},
						{
							"origin": [3.04055, 20.125, -3.97409],
							"size": [1.69428, 4.68466, 1.897],
							"pivot": [3.04055, 24.80966, -3.97901],
							"rotation": [0, -46.0034, 0],
							"uv": {
								"north": {"uv": [0, 10.25], "uv_size": [1.25, 3.75]},
								"east": {"uv": [11.5, 0], "uv_size": [-5.16667, 4.25]},
								"up": {"uv": [16.91666, 27.91667], "uv_size": [0.91667, -1]}
							}
						},
						{
							"origin": [3.03868, 20.12403, 3.09868],
							"size": [1.75371, 4.68563, 0.88515],
							"pivot": [3.03868, 24.80966, 3.98383],
							"rotation": [0, 47.92373, 0],
							"uv": {
								"south": {"uv": [1.5, 10.25], "uv_size": [1.25, 3.75]},
								"up": {"uv": [16.91667, 27.91667], "uv_size": [0.91667, -1]},
								"down": {"uv": [16.91667, 27.91667], "uv_size": [0.91667, -1]}
							}
						},
						{
							"origin": [-4.79239, 20.12403, 1.79868],
							"size": [1.75371, 4.68563, 2.18515],
							"pivot": [-3.03868, 24.80966, 3.98383],
							"rotation": [0, -47.92373, 0],
							"uv": {
								"north": {"uv": [6.25, 10.75], "uv_size": [3.25, 4.25]},
								"south": {"uv": [2.75, 10.25], "uv_size": [-1.25, 3.75]},
								"up": {"uv": [16.91667, 27.91667], "uv_size": [0.91667, -1]},
								"down": {"uv": [16.91667, 27.91667], "uv_size": [0.91667, -1]}
							}
						},
						{
							"origin": [-3.03899, 18.73433, 2.35491],
							"size": [6.07767, 1.38971, 1.62893],
							"pivot": [3.03868, 20.12403, 3.98383],
							"rotation": [-69.5, 0, 0],
							"uv": {
								"east": {"uv": [6.33333, 0], "uv_size": [5.16667, 4.25]},
								"south": {"uv": [11.25, 13], "uv_size": [5.25, 1.25]},
								"west": {"uv": [17.83333, 26.91667], "uv_size": [-0.91667, 1]}
							}
						},
						{
							"origin": [-3.04055, 18.80905, -3.97901],
							"size": [6.07767, 1.31594, 1.62893],
							"pivot": [3.03713, 20.125, -3.97901],
							"rotation": [68.24915, 0.07458, -0.03224],
							"uv": {
								"north": {"uv": [11.25, 11.75], "uv_size": [5.25, 1.25]},
								"east": {"uv": [17.83333, 26.91667], "uv_size": [-0.91667, 1]},
								"west": {"uv": [17.83333, 26.91667], "uv_size": [-0.91667, 1]}
							}
						},
						{
							"origin": [-2.69752, 20.125, -4.22926],
							"size": [5.43889, 4.68466, 8.43118],
							"pivot": [-0.00171, 22.46733, -0.01367],
							"rotation": [0, 90, 0],
							"uv": {
								"north": {"uv": [10.75, 10.75], "uv_size": [-4.5, 4]},
								"south": {"uv": [6.25, 10.75], "uv_size": [4.5, 4]}
							}
						},
						{
							"origin": [-3.03899, 20.12403, -3.97901],
							"size": [6.07612, 4.68563, 7.96284],
							"uv": {
								"north": {"uv": [6, 5.25], "uv_size": [5.25, 4]},
								"south": {"uv": [0, 6], "uv_size": [5.25, 3.75]}
							}
						}
					]
				},
				{
					"name": "corner",
					"parent": "Head",
					"pivot": [-3.03712, 24.80966, 3.97901],
					"cubes": [
						{
							"origin": [3.03712, 24.80966, 3.97901],
							"size": [1.75118, 1.45407, 0.00003],
							"pivot": [3.03712, 24.80966, 3.97901],
							"rotation": [36.37104, 47.80757, 0.02925],
							"uv": {
								"south": {"uv": [55, 56.25], "uv_size": [-9, 7.75]}
							}
						},
						{
							"origin": [3.03712, 24.80966, -3.97901],
							"size": [1.69903, 1.45407, 0],
							"pivot": [3.03712, 24.80966, -3.97901],
							"rotation": [-35.65839, -46.0034, 0],
							"uv": {
								"north": {"uv": [55, 56.25], "uv_size": [9, 7.75]}
							}
						},
						{
							"origin": [3.0389, 19.14495, 3.98072],
							"size": [1.75126, 0.98005, 0],
							"pivot": [3.0389, 20.125, 3.98072],
							"rotation": [-60.76223, 47.86071, -0.00002],
							"uv": {
								"south": {"uv": [46, 51.25], "uv_size": [9, 5]}
							}
						},
						{
							"origin": [3.0389, 19.14495, -3.98072],
							"size": [1.70141, 0.98005, 0],
							"pivot": [3.0389, 20.125, -3.98072],
							"rotation": [60.16021, -46.0034, 0],
							"uv": {
								"north": {"uv": [55, 51], "uv_size": [9, 5.25]}
							}
						},
						{
							"origin": [-4.74031, 19.14495, -3.98072],
							"size": [1.70141, 0.98005, 0],
							"pivot": [-3.0389, 20.125, -3.98072],
							"rotation": [60.16021, 46.0034, 0],
							"uv": {
								"north": {"uv": [64, 51], "uv_size": [-9, 5.25]}
							}
						},
						{
							"origin": [-4.79016, 19.14495, 3.98072],
							"size": [1.75126, 0.98005, 0],
							"pivot": [-3.0389, 20.125, 3.98072],
							"rotation": [-60.76223, -47.86071, 0.00002],
							"uv": {
								"south": {"uv": [55, 51.25], "uv_size": [-9, 5]}
							}
						},
						{
							"origin": [-4.73616, 24.80966, -3.97901],
							"size": [1.69903, 1.45407, 0],
							"pivot": [-3.03712, 24.80966, -3.97901],
							"rotation": [-35.65839, 46.0034, 0],
							"uv": {
								"north": {"uv": [64, 56.25], "uv_size": [-9, 7.75]}
							}
						},
						{
							"origin": [-4.78831, 24.80966, 3.97901],
							"size": [1.75118, 1.45407, 0.00003],
							"pivot": [-3.03712, 24.80966, 3.97901],
							"rotation": [36.37104, -47.80757, -0.02925],
							"uv": {
								"south": {"uv": [46, 56.25], "uv_size": [9, 7.75]}
							}
						}
					]
				},
				{
					"name": "Hair_All",
					"parent": "Head",
					"pivot": [-0.01875, 26.54929, 0.54807],
					"cubes": [
						{
							"origin": [0.26582, 24.4924, -3.55805],
							"size": [0, 4.12888, 8.21225],
							"pivot": [0.24888, 25.93289, -0.11143],
							"rotation": [0, 0, 12.5],
							"uv": {
								"west": {"uv": [5.75, 33.5], "uv_size": [-5.75, 2.75]}
							}
						},
						{
							"origin": [-1.5, 24.86358, -1.23417],
							"size": [2.3, 3.45388, 2.31225],
							"pivot": [-0.00001, 26.64052, -0.52805],
							"rotation": [-160.0273, -40.73565, 166.65801],
							"uv": {
								"east": {"uv": [1.75, 39.75], "uv_size": [1.75, 3]},
								"south": {"uv": [0, 39.75], "uv_size": [1.75, 3]}
							}
						},
						{
							"origin": [-0.26027, 24.4863, -3.55805],
							"size": [0, 4.12888, 8.21225],
							"pivot": [-0.28638, 25.98289, -0.11143],
							"rotation": [0, 0, -10],
							"uv": {
								"east": {"uv": [0, 33.5], "uv_size": [5.75, 2.75]}
							}
						}
					]
				},
				{
					"name": "bone",
					"parent": "Hair_All",
					"pivot": [0.02546, 25.72032, -1.53797],
					"rotation": [-12.5, 0, 0],
					"cubes": [
						{
							"origin": [0.00494, 25.29639, -3.95957],
							"size": [2.05, 3.92888, 2.06225],
							"pivot": [0.02546, 25.72032, -1.93797],
							"rotation": [-160.0273, -40.73565, 166.65801],
							"uv": {
								"east": {"uv": [1.75, 39.75], "uv_size": [-1.75, 3]},
								"south": {"uv": [3.5, 39.75], "uv_size": [-1.75, 3]}
							}
						}
					]
				},
				{
					"name": "bone5",
					"parent": "Hair_All",
					"pivot": [0.02546, 25.72032, -0.23797],
					"rotation": [-15, 0, 0],
					"cubes": [
						{
							"origin": [0.00494, 25.22139, -2.55957],
							"size": [2.05, 3.92888, 2.06225],
							"pivot": [0.02546, 25.64532, -0.53797],
							"rotation": [-160.0273, -40.73565, 166.65801],
							"uv": {
								"east": {"uv": [1.75, 39.75], "uv_size": [-1.75, 3]},
								"south": {"uv": [3.5, 39.75], "uv_size": [-1.75, 3]}
							}
						}
					]
				},
				{
					"name": "bone3",
					"parent": "Hair_All",
					"pivot": [0.02546, 25.84532, 0.68703],
					"rotation": [-27.5, 0, 0],
					"cubes": [
						{
							"origin": [-0.19506, 25.42139, -1.53457],
							"size": [2.45, 3.92888, 2.46225],
							"pivot": [0.02546, 25.84532, 0.68703],
							"rotation": [-160.0273, -40.73565, 166.65801],
							"uv": {
								"east": {"uv": [1.75, 39.75], "uv_size": [1.75, 3]},
								"south": {"uv": [0, 39.75], "uv_size": [1.75, 3]}
							}
						}
					]
				},
				{
					"name": "bone4",
					"parent": "Hair_All",
					"pivot": [0.02546, 25.64532, 1.88703],
					"rotation": [-57.5, 0, 0],
					"cubes": [
						{
							"origin": [0.02994, 25.64639, -0.23457],
							"size": [2, 3.92888, 2.01225],
							"pivot": [0.02546, 26.07032, 1.76203],
							"rotation": [-160.0273, -40.73565, 166.65801],
							"uv": {
								"east": {"uv": [1.75, 39.75], "uv_size": [1.75, 3]},
								"south": {"uv": [0, 39.75], "uv_size": [1.75, 3]}
							}
						}
					]
				},
				{
					"name": "bone2",
					"parent": "Hair_All",
					"pivot": [0.02546, 25.64532, -0.91297],
					"rotation": [-7.5, 0, 0]
				},
				{
					"name": "Eyes",
					"parent": "Head",
					"pivot": [0, 22.62379, -3.19964]
				},
				{
					"name": "EyeRight",
					"parent": "Eyes",
					"pivot": [0, 8.06379, -1.83464]
				},
				{
					"name": "RightEyeOpen",
					"parent": "EyeRight",
					"pivot": [-1.47577, 22.37687, -3.58403],
					"cubes": [
						{
							"origin": [-2.37785, 22.31165, -4.0398],
							"size": [1.76622, 1.83386, 1.36189],
							"pivot": [-1.56953, 23.21004, -3.06702],
							"rotation": [0, 0, 90],
							"uv": {
								"north": {"uv": [43.75, 32.75], "uv_size": [-3, 3]}
							}
						},
						{
							"origin": [-1.61621, 23.21013, -4.05972],
							"size": [0.13376, 1.25966, 0],
							"pivot": [-1.54933, 23.83996, -4.05972],
							"rotation": [175.6034, -52.6986, -82.0268],
							"uv": {
								"north": {"uv": [42.75, 35.75], "uv_size": [-0.25, 1.75]},
								"south": {"uv": [41.75, 35.75], "uv_size": [-0.25, 1.75]},
								"up": {"uv": [41, 37.5], "uv_size": [0.25, -1.75]},
								"down": {"uv": [42, 37.5], "uv_size": [0.25, -1.75]}
							}
						}
					]
				},
				{
					"name": "RightWhite",
					"parent": "RightEyeOpen",
					"pivot": [-1.52228, 22.971, -3.73435],
					"cubes": [
						{
							"origin": [-2.44939, 22.3704, -3.99196],
							"size": [1.80918, 1.52629, 0.8755],
							"uv": {
								"north": {"uv": [40.75, 32.75], "uv_size": [-3, 2.75]}
							}
						}
					]
				},
				{
					"name": "RightEyeIris",
					"parent": "RightWhite",
					"pivot": [-1.43595, 22.971, -3.90483],
					"cubes": [
						{
							"origin": [-1.65552, 22.8164, -4.03761],
							"size": [0.52207, 0.64192, 0.69067],
							"uv": {
								"north": {"uv": [35, 37.08333], "uv_size": [-2.5, 3]}
							}
						}
					]
				},
				{
					"name": "RightEyelight",
					"parent": "RightWhite",
					"pivot": [-1.28507, 23.27617, -4.05786],
					"cubes": [
						{
							"origin": [-1.48707, 23.17592, -4.05786],
							"size": [0.40399, 0.2005, 0],
							"uv": {
								"north": {"uv": [36, 36.83333], "uv_size": [-1, 1]}
							}
						}
					]
				},
				{
					"name": "RightEyeClose",
					"parent": "EyeRight",
					"pivot": [0, 8.06379, -1.83464],
					"cubes": [
						{
							"origin": [-2.42335, 22.31165, -4.0398],
							"size": [1.65372, 1.83386, 1.36189],
							"pivot": [-1.61503, 23.21004, -3.06702],
							"rotation": [0, 0, 90],
							"uv": {
								"north": {"uv": [46.75, 32.75], "uv_size": [-2.75, 3]}
							}
						}
					]
				},
				{
					"name": "RightEyesSqueezed",
					"parent": "EyeRight",
					"pivot": [1.55099, 23.237, -3.35885],
					"cubes": [
						{
							"origin": [-2.37785, 22.35715, -4.0398],
							"size": [1.65372, 1.83386, 1.36189],
							"pivot": [-1.56953, 23.25554, -3.06702],
							"rotation": [0, 0, 90],
							"uv": {
								"north": {"uv": [49.75, 33.75], "uv_size": [-2.75, 3]}
							}
						}
					]
				},
				{
					"name": "EyeLeft",
					"parent": "Eyes",
					"pivot": [0, 8.06379, -1.83464]
				},
				{
					"name": "LeftEyeOpen",
					"parent": "EyeLeft",
					"pivot": [1.47577, 22.37687, -3.58403],
					"cubes": [
						{
							"origin": [0.61163, 22.31165, -4.0398],
							"size": [1.76622, 1.83386, 1.36189],
							"pivot": [1.56953, 23.21004, -3.06702],
							"rotation": [0, 0, -90],
							"uv": {
								"north": {"uv": [40.75, 32.75], "uv_size": [3, 3]}
							}
						},
						{
							"origin": [1.48245, 23.21013, -4.05972],
							"size": [0.13376, 1.25966, 0],
							"pivot": [1.54933, 23.83996, -4.05972],
							"rotation": [175.6034, 52.6986, 82.0268],
							"uv": {
								"north": {"uv": [42.5, 35.75], "uv_size": [0.25, 1.75]},
								"south": {"uv": [41.5, 35.75], "uv_size": [0.25, 1.75]},
								"up": {"uv": [41.25, 37.5], "uv_size": [-0.25, -1.75]},
								"down": {"uv": [42.25, 37.5], "uv_size": [-0.25, -1.75]}
							}
						}
					]
				},
				{
					"name": "LeftWhite",
					"parent": "LeftEyeOpen",
					"pivot": [1.52228, 22.971, -3.73435],
					"cubes": [
						{
							"origin": [0.64021, 22.3704, -3.99196],
							"size": [1.80918, 1.52629, 0.8755],
							"uv": {
								"north": {"uv": [37.75, 32.75], "uv_size": [3, 2.75]}
							}
						}
					]
				},
				{
					"name": "LeftEyeIris",
					"parent": "LeftWhite",
					"pivot": [1.43595, 22.971, -3.90483],
					"cubes": [
						{
							"origin": [1.13345, 22.8164, -4.03761],
							"size": [0.52207, 0.64192, 0.69067],
							"uv": {
								"north": {"uv": [32.5, 37.08333], "uv_size": [2.5, 3]}
							}
						}
					]
				},
				{
					"name": "LeftEyelight",
					"parent": "LeftWhite",
					"pivot": [1.56007, 23.27617, -4.05786],
					"cubes": [
						{
							"origin": [1.35807, 23.17592, -4.05786],
							"size": [0.40399, 0.2005, 0],
							"uv": {
								"north": {"uv": [35, 36.83333], "uv_size": [1, 1]}
							}
						}
					]
				},
				{
					"name": "LeftEyeClose",
					"parent": "EyeLeft",
					"pivot": [0, 8.06379, -1.83464],
					"cubes": [
						{
							"origin": [0.76963, 22.31165, -4.0398],
							"size": [1.65372, 1.83386, 1.36189],
							"pivot": [1.61503, 23.21004, -3.06702],
							"rotation": [0, 0, -90],
							"uv": {
								"north": {"uv": [44, 32.75], "uv_size": [2.75, 3]}
							}
						}
					]
				},
				{
					"name": "LeftEyesSqueezed",
					"parent": "EyeLeft",
					"pivot": [1.55099, 23.237, -3.35885],
					"rotation": [0, 0, -10],
					"cubes": [
						{
							"origin": [0.72413, 22.35715, -4.0398],
							"size": [1.65372, 1.83386, 1.36189],
							"pivot": [1.56953, 23.25554, -3.06702],
							"rotation": [0, 0, -80],
							"uv": {
								"north": {"uv": [47, 33.75], "uv_size": [2.75, 3]}
							}
						}
					]
				},
				{
					"name": "nose",
					"parent": "Head",
					"pivot": [0.00797, 22.21234, -3.77521],
					"cubes": [
						{
							"origin": [-0.68476, 21.83019, -5.02644],
							"size": [1.38074, 0.76326, 0.76326],
							"uv": {
								"north": {"uv": [20.75, 0], "uv_size": [1.25, 0.75]}
							}
						},
						{
							"origin": [0.68553, 21.83019, -5.02644],
							"size": [0.64803, 0.76326, 0.76326],
							"pivot": [0.68554, 21.83019, -5.02644],
							"rotation": [0, -62.5, 0],
							"uv": {
								"north": {"uv": [22.5, 1], "uv_size": [-0.75, 0.75]},
								"up": {"uv": [22.75, 1], "uv_size": [-0.25, -0.5]},
								"down": {"uv": [21.75, 27], "uv_size": [0.75, -0.75]}
							}
						},
						{
							"origin": [0.98475, 21.84269, -4.45163],
							"size": [0.73877, 0.73826, 0.76326],
							"pivot": [0.98476, 21.83019, -4.45163],
							"rotation": [0, -107.5, 0],
							"uv": {
								"north": {"uv": [21.73877, 1], "uv_size": [-0.73877, 0.76326]},
								"up": {"uv": [22.75, 1], "uv_size": [-0.25, -0.5]},
								"down": {"uv": [21.75, 27], "uv_size": [0.75, -0.75]}
							}
						},
						{
							"origin": [-1.33356, 21.83019, -5.02644],
							"size": [0.64803, 0.76326, 0.76326],
							"pivot": [-0.68554, 21.83019, -5.02644],
							"rotation": [0, 62.5, 0],
							"uv": {
								"north": {"uv": [21.75, 1], "uv_size": [0.75, 0.75]},
								"up": {"uv": [22.75, 1], "uv_size": [-0.25, -0.5]},
								"down": {"uv": [22.5, 27], "uv_size": [-0.75, -0.75]}
							}
						},
						{
							"origin": [-1.72352, 21.84269, -4.45163],
							"size": [0.73877, 0.73826, 0.76326],
							"pivot": [-0.98476, 21.83019, -4.45163],
							"rotation": [0, 107.5, 0],
							"uv": {
								"north": {"uv": [21, 1], "uv_size": [0.73877, 0.76326]},
								"up": {"uv": [22.75, 1], "uv_size": [-0.25, -0.5]},
								"down": {"uv": [22.5, 27], "uv_size": [-0.75, -0.75]}
							}
						},
						{
							"origin": [-0.67226, 22.97507, -4.36543],
							"size": [1.35574, 0.76326, 0.76326],
							"pivot": [0.69597, 22.97507, -4.36543],
							"rotation": [-122.5, 0, 0],
							"uv": {
								"north": {"uv": [19.75, 2], "uv_size": [1.25, -0.5]},
								"east": {"uv": [22.5, 0.5], "uv_size": [0.25, 0.5]},
								"west": {"uv": [22.5, 0.5], "uv_size": [0.25, 0.5]},
								"down": {"uv": [21.75, 27], "uv_size": [0.75, -0.75]}
							}
						},
						{
							"origin": [-0.68476, 22.59344, -5.02644],
							"size": [1.38074, 0.76326, 0.76326],
							"pivot": [0.69597, 22.59344, -5.02644],
							"rotation": [-60, 0, 0],
							"uv": {
								"north": {"uv": [19.75, 2.75], "uv_size": [1.25, -0.75]},
								"east": {"uv": [22.5, 0.5], "uv_size": [0.25, 0.5]},
								"west": {"uv": [22.5, 0.5], "uv_size": [0.25, 0.5]},
								"down": {"uv": [21.75, 27], "uv_size": [0.75, -0.75]}
							}
						},
						{
							"origin": [-0.67226, 20.97955, -4.36543],
							"size": [1.35574, 0.46326, 0.76326],
							"pivot": [0.69597, 21.44281, -4.36543],
							"rotation": [122.5, 0, 0],
							"uv": {
								"north": {"uv": [21, 3], "uv_size": [1.25, -0.5]},
								"east": {"uv": [22.25, 0.5], "uv_size": [0.25, -0.5]},
								"west": {"uv": [22.25, 0.5], "uv_size": [0.25, -0.5]},
								"up": {"uv": [21.75, 26.25], "uv_size": [0.75, 0.75]}
							}
						},
						{
							"origin": [-0.68476, 21.06118, -5.02644],
							"size": [1.38074, 0.76326, 0.47576],
							"pivot": [0.69597, 21.82444, -5.02644],
							"rotation": [60, 0, 0],
							"uv": {
								"north": {"uv": [21, 2.5], "uv_size": [1.25, -0.75]},
								"east": {"uv": [22.25, 0.5], "uv_size": [0.25, -0.5]},
								"west": {"uv": [22.25, 0.5], "uv_size": [0.25, -0.5]},
								"up": {"uv": [21.75, 26.25], "uv_size": [0.75, 0.75]}
							}
						}
					]
				},
				{
					"name": "ears",
					"parent": "Head",
					"pivot": [0, 18.88802, -0.22518]
				},
				{
					"name": "earLeft",
					"parent": "ears",
					"pivot": [-4.06561, 22.88496, -0.22518],
					"rotation": [0, 0, -35.5],
					"cubes": [
						{
							"origin": [-6.43797, 21.03041, -0.98726],
							"size": [2.56705, 1.77892, 1.77892],
							"pivot": [-5.15445, 21.79249, -0.22518],
							"rotation": [-45, 0, 0],
							"uv": {
								"north": {"uv": [35.75, 21.25], "uv_size": [-2.75, 2]},
								"up": {"uv": [35.5, 19], "uv_size": [-2.5, 2]}
							}
						},
						{
							"origin": [-6.43797, 21.01916, -0.99852],
							"size": [2.56705, 1.80144, 1.80144],
							"pivot": [-4.77164, 21.79249, -0.22518],
							"rotation": [-45, 0, 0],
							"uv": {
								"north": {"uv": [16.25, 27], "uv_size": [-2.75, 2]},
								"up": {"uv": [2.5, 27.5], "uv_size": [-2.5, 2]}
							}
						}
					]
				},
				{
					"name": "earRight",
					"parent": "ears",
					"pivot": [4.06561, 22.72733, -0.22518],
					"rotation": [0, 0, 35.5],
					"cubes": [
						{
							"origin": [3.76855, 20.99265, -0.98726],
							"size": [2.56705, 1.77892, 1.77892],
							"pivot": [5.05208, 21.75473, -0.22518],
							"rotation": [-45, 0, 0],
							"uv": {
								"north": {"uv": [33, 21.25], "uv_size": [2.75, 2]},
								"up": {"uv": [33, 19], "uv_size": [2.5, 2]}
							}
						},
						{
							"origin": [3.76855, 20.69991, -0.99852],
							"size": [2.56705, 2.08291, 2.02662],
							"pivot": [4.66927, 21.75473, -0.22518],
							"rotation": [-45, 0, 0],
							"uv": {
								"north": {"uv": [13.5, 27], "uv_size": [2.75, 2]},
								"up": {"uv": [0, 27.5], "uv_size": [2.5, 2]}
							}
						}
					]
				},
				{
					"name": "mouths",
					"parent": "Head",
					"pivot": [0, 20.7391, -3.88387],
					"rotation": [-17.5, 0, 0]
				},
				{
					"name": "smile",
					"parent": "mouths",
					"pivot": [0.00001, 20.86582, -3.80071],
					"cubes": [
						{
							"origin": [-1.5945, 20.56028, -3.7863],
							"size": [3.18901, 1.10072, 0.45036],
							"pivot": [0, 20.20992, -2.88559],
							"rotation": [17.5, 0, 0],
							"uv": {
								"north": {"uv": [35.25, 38], "uv_size": [3.5, 1.25]}
							}
						}
					]
				},
				{
					"name": "frown",
					"parent": "mouths",
					"pivot": [0, 20.86582, -3.80071],
					"cubes": [
						{
							"origin": [-0.9945, 20.66028, -3.7863],
							"size": [1.98901, 0.90072, 0.45036],
							"pivot": [0, 20.20992, -2.88559],
							"rotation": [17.5, 0, 0],
							"uv": {
								"north": {"uv": [36.25, 36.5], "uv_size": [2.5, 1.25]}
							}
						}
					]
				},
				{
					"name": "happy",
					"parent": "mouths",
					"pivot": [0, 20.86364, -4.03773],
					"cubes": [
						{
							"origin": [-2.08365, 20.12941, -4.03773],
							"size": [4.16729, 1.46846, 0],
							"pivot": [0, 20.86364, -4.03773],
							"rotation": [17.5, 0, 0],
							"uv": {
								"north": {"uv": [39.25, 38], "uv_size": [4.75, 1.75]}
							}
						}
					]
				},
				{
					"name": "Eyebrows",
					"parent": "Head",
					"pivot": [-0.01856, 23.33454, -3.05646]
				},
				{
					"name": "EyebrowLeft",
					"parent": "Eyebrows",
					"pivot": [-1.66894, 25.00329, -3.88146],
					"cubes": [
						{
							"origin": [-2.53144, 24.62204, -3.88146],
							"size": [1.8625, 0.7625, 0],
							"pivot": [-1.66894, 25.00329, -3.88146],
							"rotation": [-47.3423, -2.55868, -7.05239],
							"uv": {
								"north": {"uv": [49.58333, 32.58333], "uv_size": [-2.25, 1]}
							}
						}
					]
				},
				{
					"name": "EyebrowRight",
					"parent": "Eyebrows",
					"pivot": [1.66894, 25.00329, -3.88146],
					"cubes": [
						{
							"origin": [0.66894, 24.62204, -3.88146],
							"size": [1.8625, 0.7625, 0],
							"pivot": [1.66894, 25.00329, -3.88146],
							"rotation": [-47.3423, 2.55868, 7.05239],
							"uv": {
								"north": {"uv": [47.33333, 32.58333], "uv_size": [2.25, 1]}
							}
						}
					]
				},
				{
					"name": "BackpackLocator",
					"parent": "UpperBody",
					"pivot": [0, 17.23404, 0.303]
				},
				{
					"name": "LeftWaistLocator",
					"parent": "UpperBody",
					"pivot": [3.21938, 11.7655, 0],
					"rotation": [-20, 0, 0]
				},
				{
					"name": "RightWaistLocator",
					"parent": "UpperBody",
					"pivot": [-3.30775, 11.82863, 0],
					"rotation": [-5, 0, 0]
				},
				{
					"name": "DownBody",
					"parent": "AllBody",
					"pivot": [0, 18.987, 0]
				},
				{
					"name": "Skirt",
					"parent": "DownBody",
					"pivot": [0, 11.97171, 0],
					"cubes": [
						{
							"origin": [-2.64304, 10.806, -2.5654],
							"size": [5.28609, 1.53773, 4.50965],
							"uv": {
								"north": {"uv": [45.75, 0], "uv_size": [3.75, 1]},
								"east": {"uv": [45.75, 11.75], "uv_size": [3, 1]},
								"south": {"uv": [45.75, 2], "uv_size": [3.75, 1]},
								"west": {"uv": [36.25, 12.75], "uv_size": [3, 1]},
								"up": {"uv": [33.75, 0], "uv_size": [3.5, 3]},
								"down": {"uv": [33.75, 7], "uv_size": [3.5, -3]}
							}
						}
					]
				},
				{
					"name": "SkirtBack",
					"parent": "Skirt",
					"pivot": [0, 10.67975, 1.96046],
					"cubes": [
						{
							"origin": [-2.69012, 6.94688, -3.31259],
							"size": [5.38025, 4.1495, 3.03],
							"pivot": [0, 0.39038, -0.72025],
							"rotation": [-180, 0, 180],
							"uv": {
								"north": {"uv": [38.25, 0], "uv_size": [3.5, 2.75]},
								"east": {"uv": [40.25, 9.25], "uv_size": [1.75, 2.75]},
								"west": {"uv": [40.25, 9.25], "uv_size": [1.75, 2.75]}
							}
						}
					]
				},
				{
					"name": "SkirtSide",
					"parent": "Skirt",
					"pivot": [0, 11.14688, 1.43084]
				},
				{
					"name": "SkirtSideLeft",
					"parent": "SkirtSide",
					"pivot": [2.902, 11.14688, -0.2525],
					"cubes": [
						{
							"origin": [-1.70538, 6.94688, -2.53341],
							"size": [4.61013, 4.2, 4.3935],
							"uv": {
								"north": {"uv": [39.08333, 6.25], "uv_size": [2.66667, 2.75]},
								"south": {"uv": [41.75, 6.25], "uv_size": [-2.83333, 2.75]},
								"west": {"uv": [43, 3.25], "uv_size": [2, 2.5]},
								"up": {"uv": [45, 5.75], "uv_size": [-2, -2.5]}
							}
						}
					]
				},
				{
					"name": "SkirtSideRight",
					"parent": "SkirtSide",
					"pivot": [-2.902, 11.14688, -0.2525],
					"cubes": [
						{
							"origin": [-2.90475, 6.94688, -2.53341],
							"size": [4.61013, 4.2, 4.3935],
							"uv": {
								"north": {"uv": [41.75, 6.25], "uv_size": [-2.83333, 2.75]},
								"east": {"uv": [45, 3.25], "uv_size": [-2, 2.5]},
								"south": {"uv": [38.91667, 6.25], "uv_size": [2.83333, 2.75]},
								"up": {"uv": [45, 5.75], "uv_size": [-2, -2.5]}
							}
						}
					]
				},
				{
					"name": "SkirtFront",
					"parent": "Skirt",
					"pivot": [0, 11.07113, -1.98634],
					"cubes": [
						{
							"origin": [-2.81638, 6.94688, -2.54184],
							"size": [5.63275, 4.1495, 3.03],
							"uv": {
								"north": {"uv": [38.25, 3.25], "uv_size": [3.5, 2.75]},
								"east": {"uv": [35.5, 10.75], "uv_size": [-1.75, 2.75]},
								"west": {"uv": [33.75, 10.75], "uv_size": [1.75, 2.75]}
							}
						}
					]
				},
				{
					"name": "Legs",
					"parent": "DownBody",
					"pivot": [0, 11.69816, 0]
				},
				{
					"name": "LeftLeg",
					"parent": "Legs",
					"pivot": [1.48874, 11.14519, 0],
					"cubes": [
						{
							"origin": [0.47596, 5.99166, -1.26755],
							"size": [1.95587, 5.1207, 2.26998],
							"uv": {
								"north": {"uv": [12.25, 22.5], "uv_size": [1.75, 3.5]},
								"east": {"uv": [11.5, 17.75], "uv_size": [2, 3.75]},
								"south": {"uv": [15.5, 22.5], "uv_size": [1.75, 3.5]},
								"west": {"uv": [3, 20], "uv_size": [2, 3.75]},
								"up": {"uv": [18.5, 26.25], "uv_size": [1.75, 2]},
								"down": {"uv": [26.25, 27.5], "uv_size": [1.75, -2]}
							}
						}
					]
				},
				{
					"name": "LeftLegCover",
					"parent": "LeftLeg",
					"pivot": [2.6212, 5.99166, -1.26755],
					"cubes": [
						{
							"origin": [0.51283, 5.99166, -1.26755],
							"size": [1.88113, 1.60475, 1.60488],
							"pivot": [2.6212, 5.99166, -1.26755],
							"rotation": [-45, 0, 0],
							"uv": {
								"north": {"uv": [39.75, 15.75], "uv_size": [2.25, 1.75]},
								"east": {"uv": [39.75, 15.75], "uv_size": [1.75, 1.75]},
								"south": {"uv": [39.75, 15.75], "uv_size": [2.25, 1.75]},
								"west": {"uv": [39.75, 15.75], "uv_size": [1.75, 1.75]},
								"up": {"uv": [42, 17.5], "uv_size": [-2.25, -1.75]},
								"down": {"uv": [42, 15.5], "uv_size": [-2.25, -1.75]}
							}
						}
					]
				},
				{
					"name": "LeftLowerLeg",
					"parent": "LeftLeg",
					"pivot": [1.26225, 6.02146, 0.02449],
					"rotation": [2.5, 0, 0],
					"cubes": [
						{
							"origin": [0.49338, 1.05933, -1.25013],
							"size": [1.92102, 4.9692, 2.26998],
							"uv": {
								"north": {"uv": [17, 17], "uv_size": [1.75, 4.25]},
								"east": {"uv": [8.5, 16.25], "uv_size": [2, 4.25]},
								"south": {"uv": [0, 17.75], "uv_size": [1.75, 4.25]},
								"west": {"uv": [17, 3.75], "uv_size": [2, 4.25]},
								"up": {"uv": [7.75, 27], "uv_size": [1.75, 2]},
								"down": {"uv": [10.75, 29], "uv_size": [1.75, -2]}
							}
						}
					]
				},
				{
					"name": "LeftLowderLegCover",
					"parent": "LeftLowerLeg",
					"pivot": [2.51541, 1.0593, -1.25018],
					"cubes": [
						{
							"origin": [0.53113, 0.4205, -1.25013],
							"size": [1.87077, 0.63883, 2.0836],
							"pivot": [0.53113, 1.05933, -1.25013],
							"rotation": [20, 0, 0],
							"uv": {
								"north": {"uv": [39.8, 12.73333], "uv_size": [1.99577, 0.63883]},
								"east": {"uv": [8.5, 16.25], "uv_size": [2, 4.25]},
								"south": {"uv": [0, 17.75], "uv_size": [1.75, 4.25]},
								"west": {"uv": [17, 3.75], "uv_size": [2, 4.25]},
								"up": {"uv": [7.75, 27], "uv_size": [1.75, 2]},
								"down": {"uv": [10.75, 29], "uv_size": [1.75, -2]}
							}
						}
					]
				},
				{
					"name": "LeftFoot",
					"parent": "LeftLowerLeg",
					"pivot": [1.51576, 1.36713, 0.20907],
					"cubes": [
						{
							"origin": [0.43329, 0.14953, -1.12389],
							"size": [2.04298, 1.32411, 2.17858],
							"uv": {
								"east": {"uv": [30.25, 10.75], "uv_size": [1.5, 1]},
								"south": {"uv": [29, 0], "uv_size": [2, 1]},
								"west": {"uv": [30.25, 13.25], "uv_size": [1.5, 0.75]},
								"up": {"uv": [27, 11.5], "uv_size": [2, 1.75]}
							}
						},
						{
							"origin": [0.43481, 0.08847, -3.01939],
							"size": [2.03995, 0.60802, 4.07257],
							"inflate": 0.005,
							"uv": {
								"north": {"uv": [29.25, 27], "uv_size": [2, 0.75]},
								"east": {"uv": [27.75, 21], "uv_size": [3.25, 0.75]},
								"south": {"uv": [30.25, 4.75], "uv_size": [1.75, 0.75]},
								"west": {"uv": [21.75, 27.75], "uv_size": [3.25, 0.75]},
								"down": {"uv": [0, 26.5], "uv_size": [2, -3.25]}
							}
						},
						{
							"origin": [0.44902, 0.30188, -2.94993],
							"size": [2.00585, 0.72215, 2.06015],
							"pivot": [0.0305, 0.67558, -2.1764],
							"rotation": [22.5, 0, 0],
							"uv": {
								"east": {"uv": [20.75, 15.5], "uv_size": [1.75, 0.5]},
								"south": {"uv": [31, 28.5], "uv_size": [1.75, 0.75]},
								"west": {"uv": [23.25, 31.75], "uv_size": [1.5, 0.5]},
								"up": {"uv": [27.75, 18.5], "uv_size": [2, 1.5]}
							}
						}
					]
				},
				{
					"name": "RightLeg",
					"parent": "Legs",
					"pivot": [-1.48874, 11.14519, 0],
					"cubes": [
						{
							"origin": [-2.43183, 5.99166, -1.26755],
							"size": [1.95587, 5.1207, 2.26998],
							"uv": {
								"north": {"uv": [14, 22.5], "uv_size": [-1.75, 3.5]},
								"east": {"uv": [5, 20], "uv_size": [-2, 3.75]},
								"south": {"uv": [17.25, 22.5], "uv_size": [-1.75, 3.5]},
								"west": {"uv": [13.5, 17.75], "uv_size": [-2, 3.75]},
								"up": {"uv": [20.25, 26.25], "uv_size": [-1.75, 2]},
								"down": {"uv": [28, 27.5], "uv_size": [-1.75, -2]}
							}
						}
					]
				},
				{
					"name": "RightLegCover",
					"parent": "RightLeg",
					"pivot": [-2.6212, 5.99166, -1.26755],
					"cubes": [
						{
							"origin": [-2.39396, 5.99166, -1.26755],
							"size": [1.88113, 1.60475, 1.60488],
							"pivot": [-2.6212, 5.99166, -1.26755],
							"rotation": [-45, 0, 0],
							"uv": {
								"north": {"uv": [42, 15.75], "uv_size": [-2.25, 1.75]},
								"east": {"uv": [41.5, 15.75], "uv_size": [-1.75, 1.75]},
								"south": {"uv": [42, 15.75], "uv_size": [-2.25, 1.75]},
								"west": {"uv": [41.5, 15.75], "uv_size": [-1.75, 1.75]},
								"up": {"uv": [39.75, 17.5], "uv_size": [2.25, -1.75]},
								"down": {"uv": [39.75, 15.5], "uv_size": [2.25, -1.75]}
							}
						}
					]
				},
				{
					"name": "RightLowerLeg",
					"parent": "RightLeg",
					"pivot": [-1.26225, 6.02146, 0.02449],
					"rotation": [2.5, 0, 0],
					"cubes": [
						{
							"origin": [-2.4144, 1.05933, -1.25013],
							"size": [1.92102, 4.9692, 2.26998],
							"uv": {
								"north": {"uv": [18.75, 17], "uv_size": [-1.75, 4.25]},
								"east": {"uv": [19, 3.75], "uv_size": [-2, 4.25]},
								"south": {"uv": [1.75, 17.75], "uv_size": [-1.75, 4.25]},
								"west": {"uv": [10.5, 16.25], "uv_size": [-2, 4.25]},
								"up": {"uv": [9.5, 27], "uv_size": [-1.75, 2]},
								"down": {"uv": [12.5, 29], "uv_size": [-1.75, -2]}
							}
						}
					]
				},
				{
					"name": "RightLowderLegCover",
					"parent": "RightLowerLeg",
					"pivot": [-2.51541, 1.0593, -1.25018],
					"cubes": [
						{
							"origin": [-2.4019, 0.4205, -1.25013],
							"size": [1.87077, 0.63883, 2.0836],
							"pivot": [-0.53113, 1.05933, -1.25013],
							"rotation": [20, 0, 0],
							"uv": {
								"north": {"uv": [41.79577, 12.73333], "uv_size": [-1.99577, 0.63883]},
								"east": {"uv": [19, 3.75], "uv_size": [-2, 4.25]},
								"south": {"uv": [1.75, 17.75], "uv_size": [-1.75, 4.25]},
								"west": {"uv": [10.5, 16.25], "uv_size": [-2, 4.25]},
								"up": {"uv": [9.5, 27], "uv_size": [-1.75, 2]},
								"down": {"uv": [12.5, 29], "uv_size": [-1.75, -2]}
							}
						}
					]
				},
				{
					"name": "RightFoot",
					"parent": "RightLowerLeg",
					"pivot": [-1.51576, 1.36713, 0.20907],
					"cubes": [
						{
							"origin": [-2.47627, 0.14953, -1.12389],
							"size": [2.04298, 1.32411, 2.17858],
							"uv": {
								"east": {"uv": [31.75, 13.25], "uv_size": [-1.5, 0.75]},
								"south": {"uv": [31, 0], "uv_size": [-2, 1]},
								"west": {"uv": [31.75, 10.75], "uv_size": [-1.5, 1]},
								"up": {"uv": [29, 11.5], "uv_size": [-2, 1.75]}
							}
						},
						{
							"origin": [-2.47476, 0.08847, -3.01939],
							"size": [2.03995, 0.60802, 4.07257],
							"inflate": 0.005,
							"uv": {
								"north": {"uv": [31.25, 27], "uv_size": [-2, 0.75]},
								"east": {"uv": [25, 27.75], "uv_size": [-3.25, 0.75]},
								"south": {"uv": [32, 4.75], "uv_size": [-1.75, 0.75]},
								"west": {"uv": [31, 21], "uv_size": [-3.25, 0.75]},
								"down": {"uv": [2, 26.5], "uv_size": [-2, -3.25]}
							}
						},
						{
							"origin": [-2.45487, 0.30188, -2.94993],
							"size": [2.00585, 0.72215, 2.06015],
							"pivot": [-0.0305, 0.67558, -2.1764],
							"rotation": [22.5, 0, 0],
							"uv": {
								"east": {"uv": [24.75, 31.75], "uv_size": [-1.5, 0.5]},
								"south": {"uv": [32.75, 28.5], "uv_size": [-1.75, 0.75]},
								"west": {"uv": [22.5, 15.5], "uv_size": [-1.75, 0.5]},
								"up": {"uv": [29.75, 18.5], "uv_size": [-2, 1.5]}
							}
						}
					]
				}
			]
		}
	]
}