{
	"format_version": "1.21.0",
	"minecraft:geometry": [
		{
			"description": {
				"identifier": "geometry.unknown",
				"texture_width": 64,
				"texture_height": 64,
				"visible_bounds_width": 5,
				"visible_bounds_height": 5.5,
				"visible_bounds_offset": [0, 2.25, 0]
			},
			"bones": [
				{
					"name": "Root",
					"pivot": [0, 0.1, 0]
				},
				{
					"name": "AllBody",
					"parent": "Root",
					"pivot": [0, 11.27734, 0]
				},
				{
					"name": "UpBody",
					"parent": "AllBody",
					"pivot": [0, 12.0685, 0],
					"cubes": [
						{
							"origin": [-0.74235, 11.88796, -1.63051],
							"size": [2.9694, 2.39623, 3.34247],
							"pivot": [0, 13.05451, -0.19885],
							"rotation": [0, 0, -12.5],
							"uv": {
								"north": {"uv": [6.75, 16.25], "uv_size": [1, 2.5]},
								"south": {"uv": [17, 0], "uv_size": [2.75, 2.25]},
								"west": {"uv": [17.5, 14.75], "uv_size": [2.75, 1.75]}
							}
						},
						{
							"origin": [-2.22705, 11.88796, -1.63051],
							"size": [2.9694, 2.39623, 3.38035],
							"pivot": [0, 13.05451, -0.19885],
							"rotation": [0, 0, 12.5],
							"uv": {
								"north": {"uv": [3.75, 16.25], "uv_size": [1.16667, 2.5]},
								"east": {"uv": [17.5, 14.75], "uv_size": [2.75, 1.75]},
								"south": {"uv": [19.75, 0], "uv_size": [-2.75, 2.25]}
							}
						}
					]
				},
				{
					"name": "belly",
					"parent": "UpBody",
					"pivot": [0, 13.129, -2.39034],
					"cubes": [
						{
							"origin": [-2.23462, 13.20475, -2.77497],
							"size": [4.35563, 2.65125, 1.4847],
							"pivot": [1.0605, 13.20475, -2.77497],
							"rotation": [-40, 0, 0],
							"uv": {
								"north": {"uv": [8.25, 21.5], "uv_size": [3.25, 2]},
								"east": {"uv": [19.5, 2.75], "uv_size": [1.5, 2.75]},
								"south": {"uv": [13.75, 10.25], "uv_size": [1.75, 1]},
								"west": {"uv": [21, 2.75], "uv_size": [-1.5, 2.75]},
								"up": {"uv": [13.75, 11], "uv_size": [-2, -0.75]}
							}
						},
						{
							"origin": [-2.1816, 13.20475, -2.77497],
							"size": [4.24957, 2.121, 1.4847],
							"pivot": [1.0605, 13.20475, -2.77497],
							"rotation": [-65, 0, 0],
							"uv": {
								"east": {"uv": [19.25, 5.75], "uv_size": [1.25, 1.75]},
								"west": {"uv": [19.25, 5.75], "uv_size": [1.25, 1.75]},
								"down": {"uv": [11.75, 25], "uv_size": [-3.5, -1.25]}
							}
						},
						{
							"origin": [-0.404, 12.64925, -3.00896],
							"size": [0.808, 0.808, 0.606],
							"pivot": [0, 13.05325, -1.99896],
							"rotation": [0, 0, 45],
							"uv": {
								"north": {"uv": [21.25, 4.75], "uv_size": [0.75, 0.75]},
								"east": {"uv": [22.25, 4.25], "uv_size": [0.5, 0.75]},
								"west": {"uv": [20.75, 5.75], "uv_size": [0.5, 0.75]},
								"up": {"uv": [22, 3.75], "uv_size": [-0.75, -0.5]},
								"down": {"uv": [22, 4.5], "uv_size": [-0.75, -0.5]}
							}
						}
					]
				},
				{
					"name": "UpperBody",
					"parent": "UpBody",
					"pivot": [0, 14.51775, 0],
					"cubes": [
						{
							"origin": [-2.121, 14.30186, -1.57749],
							"size": [4.13595, 3.16635, 3.34058],
							"uv": {
								"north": {"uv": [31.25, 23.5], "uv_size": [3.5, 2.75]},
								"east": {"uv": [35.75, 15.75], "uv_size": [-3, 2.5]},
								"south": {"uv": [33.25, 26.5], "uv_size": [3.75, 2.5]},
								"west": {"uv": [32.75, 15.75], "uv_size": [3, 2.5]},
								"up": {"uv": [30.25, 15.5], "uv_size": [1, 1.25]},
								"down": {"uv": [12.25, 7.75], "uv_size": [4, -3]}
							}
						},
						{
							"origin": [-0.01149, 17.10294, -1.81477],
							"size": [2.7573, 2.26619, 3.60318],
							"pivot": [-0.01149, 19.36912, -2.1487],
							"rotation": [0, 0, 15.47328],
							"uv": {
								"north": {"uv": [8, 21.25], "uv_size": [-2.5, 2]},
								"south": {"uv": [21.75, 16.75], "uv_size": [-2.75, 2.25]},
								"west": {"uv": [11.5, 8], "uv_size": [3, 2]},
								"up": {"uv": [15, 13.25], "uv_size": [-2.25, 3.25]}
							}
						},
						{
							"origin": [-2.74581, 17.10294, -1.80214],
							"size": [2.7573, 2.26619, 3.57793],
							"pivot": [0.01149, 19.36912, -2.1487],
							"rotation": [0, 0, -15.47328],
							"uv": {
								"north": {"uv": [5.5, 21.25], "uv_size": [2.5, 2]},
								"east": {"uv": [14.5, 8], "uv_size": [-3, 2]},
								"south": {"uv": [19, 16.75], "uv_size": [2.75, 2.25]},
								"up": {"uv": [12.75, 13.25], "uv_size": [2.25, 3.25]}
							}
						},
						{
							"origin": [0.44977, 16.13883, -1.81477],
							"size": [1.65135, 0.75119, 0.2929],
							"pivot": [0.44977, 16.89002, -1.81477],
							"rotation": [17.75, 0, 15.47328],
							"uv": {
								"north": {"uv": [8.25, 23.5], "uv_size": [-1.5, 0.75]},
								"west": {"uv": [11.75, 12], "uv_size": [0.25, 0.75]}
							}
						},
						{
							"origin": [-2.10112, 16.13883, -1.81477],
							"size": [1.65135, 0.75119, 0.2929],
							"pivot": [-0.44977, 16.89002, -1.81477],
							"rotation": [17.75, 0, -15.47328],
							"uv": {
								"north": {"uv": [6.75, 23.5], "uv_size": [1.5, 0.75]},
								"east": {"uv": [11.75, 12], "uv_size": [0.25, 0.75]}
							}
						}
					]
				},
				{
					"name": "Arms",
					"parent": "UpperBody",
					"pivot": [0, 18.2295, 0]
				},
				{
					"name": "RightArm",
					"parent": "Arms",
					"pivot": [-3.06258, 17.6019, 0.06464],
					"rotation": [0, 0, 8],
					"cubes": [
						{
							"origin": [-3.73796, 14.11747, -0.71646],
							"size": [1.4645, 3.79, 1.5622],
							"uv": {
								"north": {"uv": [26.75, 17.75], "uv_size": [-1.25, 3]},
								"east": {"uv": [24.5, 21.75], "uv_size": [-1.25, 3]},
								"south": {"uv": [26.75, 21.75], "uv_size": [-1.25, 3]},
								"west": {"uv": [24.5, 17.75], "uv_size": [-1.25, 3]},
								"up": {"uv": [31.25, 15.5], "uv_size": [-1, 1.25]},
								"down": {"uv": [3.5, 32.25], "uv_size": [-1.25, -1.25]}
							}
						},
						{
							"origin": [-3.73796, 17.90747, -0.67858],
							"size": [0.89638, 1.47712, 1.48645],
							"pivot": [-3.73796, 17.90747, -0.80396],
							"rotation": [0, 0, 56.5],
							"uv": {
								"north": {"uv": [26.75, 17.75], "uv_size": [-1.25, 3]},
								"east": {"uv": [24.5, 21.75], "uv_size": [-1.25, 3]},
								"south": {"uv": [26.75, 21.75], "uv_size": [-1.25, 3]},
								"west": {"uv": [24.5, 17.75], "uv_size": [-1.25, 3]},
								"up": {"uv": [31.25, 15.5], "uv_size": [-1, 1.25]},
								"down": {"uv": [3.5, 32.25], "uv_size": [-1.25, -1.25]}
							}
						},
						{
							"origin": [-3.69655, 14.12151, -0.7003],
							"size": [1.38168, 1.23725, 1.0572],
							"pivot": [-3.7218, 14.12151, -0.7878],
							"rotation": [-45, 0, 0],
							"uv": {
								"north": {"uv": [31.25, 31], "uv_size": [-1, 0.75]},
								"east": {"uv": [32.75, 22.5], "uv_size": [-1, 0.75]},
								"south": {"uv": [32.75, 6.25], "uv_size": [-1, 1]},
								"west": {"uv": [21.75, 31.75], "uv_size": [-1, 1]},
								"up": {"uv": [17.5, 31.75], "uv_size": [-1.25, 1]},
								"down": {"uv": [19.75, 32.75], "uv_size": [-1.25, -1]}
							}
						}
					]
				},
				{
					"name": "RightForeArm",
					"parent": "RightArm",
					"pivot": [-3.07361, 14.1693, 0.0808],
					"cubes": [
						{
							"origin": [-3.7218, 10.68751, -0.7003],
							"size": [1.43218, 3.434, 1.5622],
							"uv": {
								"north": {"uv": [29, 2.25], "uv_size": [-1.25, 2.75]},
								"east": {"uv": [4.5, 24.75], "uv_size": [-1.5, 2.75]},
								"south": {"uv": [29, 14.75], "uv_size": [-1.25, 2.75]},
								"west": {"uv": [25.25, 8.5], "uv_size": [-1.25, 2.75]},
								"down": {"uv": [32, 19], "uv_size": [-1, -1.25]}
							}
						}
					]
				},
				{
					"name": "RightHand",
					"parent": "RightForeArm",
					"pivot": [-3.07361, 11.06658, 0.0808]
				},
				{
					"name": "RightHandLocator",
					"parent": "RightHand",
					"pivot": [-2.64688, 9.77883, 0.01616]
				},
				{
					"name": "righthandclose",
					"parent": "RightHand",
					"pivot": [-3.07361, 11.06658, 0.0808],
					"cubes": [
						{
							"origin": [-3.69021, 8.91932, -0.79625],
							"size": [1.5655, 1.78013, 1.71875],
							"uv": {
								"north": {"uv": [17.5, 8.5], "uv_size": [1.5, 1.5]},
								"east": {"uv": [15.75, 10], "uv_size": [1.5, 1.5]},
								"south": {"uv": [17.5, 10], "uv_size": [1.5, 1.5]},
								"west": {"uv": [15.75, 8.5], "uv_size": [1.5, 1.5]},
								"up": {"uv": [20.5, 11.5], "uv_size": [-1.5, -1.5]},
								"down": {"uv": [20.5, 10], "uv_size": [-1.5, -1.5]}
							}
						}
					]
				},
				{
					"name": "righthandopen",
					"parent": "RightHand",
					"pivot": [-3.42009, 10.70786, 0],
					"cubes": [
						{
							"origin": [-3.69442, 9.25128, -0.67505],
							"size": [1.414, 1.5352, 1.5117],
							"uv": {
								"north": {"uv": [8.75, 29.25], "uv_size": [-1.5, 1.5]},
								"east": {"uv": [15.25, 29.25], "uv_size": [-1.5, 1.75]},
								"south": {"uv": [5.25, 31.25], "uv_size": [-1.5, 1.5]},
								"west": {"uv": [6.75, 29], "uv_size": [-1.5, 1.16667]},
								"up": {"uv": [26.5, 31], "uv_size": [-1, 1.25]},
								"down": {"uv": [28.75, 32.5], "uv_size": [-1, -1.5]}
							}
						},
						{
							"origin": [-3.69442, 7.71608, -0.66242],
							"size": [0.909, 1.5352, 1.48645],
							"pivot": [-3.69442, 9.25128, -0.76255],
							"rotation": [0, 0, -45],
							"uv": {
								"north": {"uv": [8.75, 30.75], "uv_size": [-1, 1.75]},
								"east": {"uv": [15.25, 31], "uv_size": [-1.5, 1.25]},
								"south": {"uv": [6.5, 31.25], "uv_size": [-1, 1.75]},
								"west": {"uv": [6.75, 29.66667], "uv_size": [-1.5, 1.33333]},
								"up": {"uv": [26.5, 31], "uv_size": [-1, 1.25]},
								"down": {"uv": [28.75, 32.5], "uv_size": [-1, -1.5]}
							}
						}
					]
				},
				{
					"name": "LeftArm",
					"parent": "Arms",
					"pivot": [3.06258, 17.6019, 0.06464],
					"rotation": [0, 0, -8],
					"cubes": [
						{
							"origin": [2.27346, 14.11747, -0.71646],
							"size": [1.4645, 3.79, 1.5622],
							"uv": {
								"north": {"uv": [25.5, 17.75], "uv_size": [1.25, 3]},
								"east": {"uv": [23.25, 17.75], "uv_size": [1.25, 3]},
								"south": {"uv": [25.5, 21.75], "uv_size": [1.25, 3]},
								"west": {"uv": [23.25, 21.75], "uv_size": [1.25, 3]},
								"up": {"uv": [30.25, 15.5], "uv_size": [1, 1.25]},
								"down": {"uv": [2.25, 32.25], "uv_size": [1.25, -1.25]}
							}
						},
						{
							"origin": [2.84158, 17.90747, -0.67858],
							"size": [0.89638, 1.47712, 1.48645],
							"pivot": [3.73796, 17.90747, -0.80396],
							"rotation": [0, 0, -56.5],
							"uv": {
								"north": {"uv": [25.5, 17.75], "uv_size": [1.25, 3]},
								"east": {"uv": [23.25, 17.75], "uv_size": [1.25, 3]},
								"south": {"uv": [25.5, 21.75], "uv_size": [1.25, 3]},
								"west": {"uv": [23.25, 21.75], "uv_size": [1.25, 3]},
								"up": {"uv": [30.25, 15.5], "uv_size": [1, 1.25]},
								"down": {"uv": [2.25, 32.25], "uv_size": [1.25, -1.25]}
							}
						},
						{
							"origin": [2.31487, 14.12151, -0.7003],
							"size": [1.38168, 1.23725, 1.0572],
							"pivot": [3.7218, 14.12151, -0.7878],
							"rotation": [-45, 0, 0],
							"uv": {
								"north": {"uv": [30.25, 31], "uv_size": [1, 0.75]},
								"east": {"uv": [20.75, 31.75], "uv_size": [1, 1]},
								"south": {"uv": [31.75, 6.25], "uv_size": [1, 1]},
								"west": {"uv": [31.75, 22.5], "uv_size": [1, 0.75]},
								"up": {"uv": [16.25, 31.75], "uv_size": [1.25, 1]},
								"down": {"uv": [18.5, 32.75], "uv_size": [1.25, -1]}
							}
						}
					]
				},
				{
					"name": "LeftForeArm",
					"parent": "LeftArm",
					"pivot": [3.07361, 14.1693, 0.0808],
					"cubes": [
						{
							"origin": [2.28962, 10.68751, -0.7003],
							"size": [1.43218, 3.434, 1.5622],
							"uv": {
								"north": {"uv": [27.75, 2.25], "uv_size": [1.25, 2.75]},
								"east": {"uv": [24, 8.5], "uv_size": [1.25, 2.75]},
								"south": {"uv": [27.75, 14.75], "uv_size": [1.25, 2.75]},
								"west": {"uv": [3, 24.75], "uv_size": [1.5, 2.75]},
								"down": {"uv": [31, 19], "uv_size": [1, -1.25]}
							}
						}
					]
				},
				{
					"name": "LeftHand",
					"parent": "LeftForeArm",
					"pivot": [3.07361, 11.06658, 0.0808]
				},
				{
					"name": "LeftHandLocator",
					"parent": "LeftHand",
					"pivot": [2.64688, 9.77883, 0.01616]
				},
				{
					"name": "lefthandclose",
					"parent": "LeftHand",
					"pivot": [3.07361, 11.06658, 0.0808],
					"cubes": [
						{
							"origin": [2.12471, 8.91932, -0.79625],
							"size": [1.5655, 1.78013, 1.71875],
							"uv": {
								"north": {"uv": [19, 8.5], "uv_size": [-1.5, 1.5]},
								"east": {"uv": [17.25, 8.5], "uv_size": [-1.5, 1.5]},
								"south": {"uv": [19, 10], "uv_size": [-1.5, 1.5]},
								"west": {"uv": [17.25, 10], "uv_size": [-1.5, 1.5]},
								"up": {"uv": [19, 11.5], "uv_size": [1.5, -1.5]},
								"down": {"uv": [19, 10], "uv_size": [1.5, -1.5]}
							}
						}
					]
				},
				{
					"name": "lefthandopen",
					"parent": "LeftHand",
					"pivot": [3.42009, 10.70786, 0],
					"cubes": [
						{
							"origin": [2.28042, 9.25128, -0.67505],
							"size": [1.414, 1.5352, 1.5117],
							"uv": {
								"north": {"uv": [7.25, 29.25], "uv_size": [1.5, 1.5]},
								"east": {"uv": [5.25, 29], "uv_size": [1.5, 1.16667]},
								"south": {"uv": [3.75, 31.25], "uv_size": [1.5, 1.5]},
								"west": {"uv": [13.75, 29.25], "uv_size": [1.5, 1.75]},
								"up": {"uv": [25.5, 31], "uv_size": [1, 1.25]},
								"down": {"uv": [27.75, 32.5], "uv_size": [1, -1.5]}
							}
						},
						{
							"origin": [2.78542, 7.71608, -0.66242],
							"size": [0.909, 1.5352, 1.48645],
							"pivot": [3.69442, 9.25128, -0.76255],
							"rotation": [0, 0, 45],
							"uv": {
								"north": {"uv": [7.75, 30.75], "uv_size": [1, 1.75]},
								"east": {"uv": [5.25, 29.66667], "uv_size": [1.5, 1.33333]},
								"south": {"uv": [5.5, 31.25], "uv_size": [1, 1.75]},
								"west": {"uv": [13.75, 31], "uv_size": [1.5, 1.25]},
								"up": {"uv": [25.5, 31], "uv_size": [1, 1.25]},
								"down": {"uv": [27.75, 32.5], "uv_size": [1, -1.5]}
							}
						}
					]
				},
				{
					"name": "AllHead",
					"parent": "UpperBody",
					"pivot": [0, 18.8355, 0],
					"cubes": [
						{
							"origin": [-0.79184, 18.43958, -1.11352],
							"size": [1.9796, 1.9796, 1.88062],
							"pivot": [0.19796, 0.17777, 0],
							"rotation": [0, 45, 0],
							"uv": {
								"north": {"uv": [3, 28.25], "uv_size": [1.5, 1.5]},
								"east": {"uv": [26, 0], "uv_size": [2, 1.75]},
								"south": {"uv": [26, 28.25], "uv_size": [1.5, 1.5]},
								"west": {"uv": [26, 0], "uv_size": [2, 1.75]},
								"up": {"uv": [5.25, 26], "uv_size": [1.75, 2.25]},
								"down": {"uv": [26, 10.75], "uv_size": [1.5, -2.25]}
							}
						}
					]
				},
				{
					"name": "Head",
					"parent": "AllHead",
					"pivot": [0, 20.38206, -0.24745],
					"cubes": [
						{
							"origin": [-0.08545, 20.86503, -3.50587],
							"size": [3.67876, 5.04798, 6.79003],
							"pivot": [3.59331, 20.86503, -3.50587],
							"rotation": [0, 0, -5],
							"uv": {
								"north": {"uv": [8.41667, 5.5], "uv_size": [2.83333, 4.25]},
								"east": {"uv": [11.5, 0], "uv_size": [-5.16667, 4.25]},
								"south": {"uv": [6.25, 10.75], "uv_size": [3.25, 4.25]},
								"west": {"uv": [6.25, 0], "uv_size": [5.25, 4.25]},
								"up": {"uv": [0, 0], "uv_size": [3, 5.5]}
							}
						},
						{
							"origin": [-0.01045, 21.40253, -3.50587],
							"size": [3.67876, 4.51048, 6.81503],
							"pivot": [3.66831, 20.86503, -3.50587],
							"rotation": [0, 0, -5],
							"uv": {
								"south": {"uv": [22.75, 0], "uv_size": [3.25, 3.75]},
								"west": {"uv": [0, 6], "uv_size": [5.25, 3.75]}
							}
						},
						{
							"origin": [-3.59331, 20.86503, -3.53012],
							"size": [3.67876, 5.04798, 6.85065],
							"pivot": [-3.59331, 20.86503, -3.50587],
							"rotation": [0, 0, 5],
							"uv": {
								"north": {"uv": [6.25, 5.5], "uv_size": [2.66667, 4.08333]},
								"east": {"uv": [11.5, 0], "uv_size": [-5.25, 4.25]},
								"south": {"uv": [8, 10.75], "uv_size": [3.25, 4.25]},
								"west": {"uv": [6.33333, 0], "uv_size": [5.16667, 4.25]},
								"up": {"uv": [5, 0], "uv_size": [-3, 5.5]}
							}
						},
						{
							"origin": [-0.00729, 19.8665, -3.46837],
							"size": [3.7365, 1.23725, 6.69115],
							"pivot": [-0.00729, 19.8665, -3.50587],
							"rotation": [0, 0, -15.5],
							"uv": {
								"north": {"uv": [30.25, 22.25], "uv_size": [-2.5, 1]},
								"south": {"uv": [31.25, 8.5], "uv_size": [-2.75, 1]},
								"down": {"uv": [2.5, 16], "uv_size": [-2.5, -4.5]}
							}
						},
						{
							"origin": [-3.7292, 19.8665, -3.50587],
							"size": [3.7365, 1.23725, 6.75365],
							"pivot": [0.00729, 19.8665, -3.50587],
							"rotation": [0, 0, 15.5],
							"uv": {
								"north": {"uv": [27.75, 22.25], "uv_size": [2.5, 1]},
								"south": {"uv": [28.5, 8.5], "uv_size": [2.75, 1]},
								"down": {"uv": [0, 16], "uv_size": [2.5, -4.5]}
							}
						},
						{
							"origin": [-2.22705, 25.51665, -2.31762],
							"size": [4.4541, 1.73215, 4.36502],
							"uv": {
								"up": {"uv": [12.25, 0], "uv_size": [3.5, 3.5]}
							}
						},
						{
							"origin": [2.22705, 25.51665, -2.31762],
							"size": [1.65792, 1.73215, 4.36502],
							"pivot": [2.22705, 27.2488, -2.31762],
							"rotation": [0, 0, 56.5],
							"uv": {
								"north": {"uv": [16.25, 29.25], "uv_size": [1.25, 1.5]},
								"south": {"uv": [16.25, 29.25], "uv_size": [1.25, 1.5]},
								"up": {"uv": [3.75, 11.5], "uv_size": [1.5, 3.5]}
							}
						},
						{
							"origin": [-1.1125, 22.46956, -3.57662],
							"size": [5.5375, 3.0875, 2],
							"pivot": [1.65, 23.46956, -2.57662],
							"rotation": [0, 0, 30],
							"uv": {
								"north": {"uv": [42.5, 6.25], "uv_size": [5.5, 3]}
							}
						},
						{
							"origin": [-3.65762, 24.24241, -3.60162],
							"size": [6.775, 2.1125, 0],
							"pivot": [-0.27012, 25.29866, -3.60162],
							"rotation": [0, 0, -10.25],
							"uv": {
								"north": {"uv": [42.5, 9.75], "uv_size": [6.75, 2]}
							}
						},
						{
							"origin": [-3.88496, 25.51665, -2.31762],
							"size": [1.65792, 1.73215, 4.36502],
							"pivot": [-2.22705, 27.2488, -2.31762],
							"rotation": [0, 0, -56.5],
							"uv": {
								"north": {"uv": [30.75, 6.25], "uv_size": [-1.5, 1.25]},
								"south": {"uv": [17.5, 29.25], "uv_size": [-1.25, 1.5]},
								"up": {"uv": [5.25, 11.5], "uv_size": [-1.5, 3.5]}
							}
						},
						{
							"origin": [-2.22705, 25.51665, -4.11212],
							"size": [4.4541, 1.73215, 1.79451],
							"pivot": [-2.22705, 27.2488, -2.31762],
							"rotation": [49.25, 0, 0],
							"uv": {
								"east": {"uv": [22.25, 29.25], "uv_size": [-1.5, 1.5]},
								"west": {"uv": [20.75, 29.25], "uv_size": [1.5, 1.5]},
								"up": {"uv": [23.25, 4.75], "uv_size": [3.25, 1.25]}
							}
						},
						{
							"origin": [-2.22705, 25.51665, 2.0474],
							"size": [4.4541, 1.73215, 2.00701],
							"pivot": [-2.22705, 27.2488, 2.0474],
							"rotation": [-52.25, 0, 0],
							"uv": {
								"east": {"uv": [23.25, 29.25], "uv_size": [1.25, 1.5]},
								"west": {"uv": [29.25, 24.75], "uv_size": [1.5, 1.25]},
								"up": {"uv": [23.25, 15.5], "uv_size": [3.5, 1.5]}
							}
						}
					]
				},
				{
					"name": "Hair_All",
					"parent": "Head",
					"pivot": [0, -4.52378, -0.24745],
					"cubes": [
						{
							"origin": [-3.86328, 26.50365, -4.03281],
							"size": [7.72656, 0, 2.9694],
							"pivot": [2.9694, 26.50464, -2.69658],
							"rotation": [-50, 0, 0],
							"uv": {
								"up": {"uv": [5.25, 33.25], "uv_size": [5.75, 2.25]}
							}
						},
						{
							"origin": [-3.81328, 26.59115, 0.68101],
							"size": [7.62656, 0, 3.1069],
							"pivot": [2.9694, 26.59214, 2.31418],
							"rotation": [50, 0, 0],
							"uv": {
								"up": {"uv": [5.25, 35.5], "uv_size": [5.75, -2.25]}
							}
						},
						{
							"origin": [-4.19262, 28.02355, -1.92515],
							"size": [8.38524, 0, 3.70223],
							"pivot": [2.9694, 28.02454, -1.21188],
							"rotation": [-85, 0, 0],
							"uv": {
								"up": {"uv": [5.25, 35.5], "uv_size": [5.75, 2.5]}
							}
						},
						{
							"origin": [-4.35512, 27.58605, -1.97198],
							"size": [8.71024, 0, 3.82723],
							"pivot": [2.9694, 27.58704, 0.71698],
							"rotation": [85, 0, 0],
							"uv": {
								"up": {"uv": [5.25, 38], "uv_size": [5.75, -2.5]}
							}
						},
						{
							"origin": [1.55, 25.02205, -3.90995],
							"size": [0, 3.475, 7.6],
							"pivot": [1.55, 26.57205, -0.12245],
							"rotation": [0, 0, 21],
							"uv": {
								"west": {"uv": [11, 38], "uv_size": [-5.75, -2.5]}
							}
						},
						{
							"origin": [-1.55, 25.02205, -3.90995],
							"size": [0, 3.475, 7.6],
							"pivot": [-1.55, 26.57205, -0.12245],
							"rotation": [0, 0, -21],
							"uv": {
								"east": {"uv": [5.25, 38], "uv_size": [5.75, -2.5]}
							}
						}
					]
				},
				{
					"name": "HairBangs",
					"parent": "Hair_All",
					"pivot": [0, 27.2583, -2.47366],
					"cubes": [
						{
							"origin": [-3.56328, 25.7613, -4.58957],
							"size": [7.12656, 0, 1.61098],
							"pivot": [2.9694, 25.76229, -3.42656],
							"rotation": [37.5, 0, 0],
							"uv": {
								"up": {"uv": [5.5, 42.5], "uv_size": [5.5, 1.25]}
							}
						}
					]
				},
				{
					"name": "HairRight",
					"parent": "Hair_All",
					"pivot": [-3.14437, 24.73505, 0.34643],
					"cubes": [
						{
							"origin": [3.4412, 23.98437, -3.57357],
							"size": [0, 2.40885, 7.07188],
							"pivot": [3.4412, 25.1888, 0.11237],
							"rotation": [0, 0, -57.5],
							"uv": {
								"west": {"uv": [5.25, 33.25], "uv_size": [5.75, 2.25]}
							}
						},
						{
							"origin": [3.4412, 22.83437, -3.66107],
							"size": [0, 2.60885, 7.40938],
							"pivot": [3.4412, 24.2388, 0.36237],
							"rotation": [0, 0, -45],
							"uv": {
								"west": {"uv": [5.25, 33.25], "uv_size": [5.75, 2.25]}
							}
						}
					]
				},
				{
					"name": "HairLeft",
					"parent": "Hair_All",
					"pivot": [-3.14437, 24.73505, 0.34643],
					"cubes": [
						{
							"origin": [-3.4412, 23.98437, -3.57357],
							"size": [0, 2.40885, 7.07188],
							"pivot": [-3.4412, 25.1888, 0.11237],
							"rotation": [0, 0, 57.5],
							"uv": {
								"east": {"uv": [11, 33.25], "uv_size": [-5.75, 2.25]}
							}
						},
						{
							"origin": [-3.4412, 22.83437, -3.66107],
							"size": [0, 2.60885, 7.40938],
							"pivot": [-3.4412, 24.2388, 0.36237],
							"rotation": [0, 0, 45],
							"uv": {
								"east": {"uv": [11, 33.25], "uv_size": [-5.75, 2.25]}
							}
						}
					]
				},
				{
					"name": "HairBack",
					"parent": "Hair_All",
					"pivot": [0, 24.77992, 3.34709],
					"rotation": [7.5, 0, 0],
					"cubes": [
						{
							"origin": [-3.83785, 23.77413, 3.34856],
							"size": [7.67571, 3.10605, 0],
							"pivot": [0.00001, 25.32716, 3.34856],
							"rotation": [52.5, 0, 0],
							"uv": {
								"south": {"uv": [11, 33.25], "uv_size": [-5.75, 2.25]}
							}
						},
						{
							"origin": [-3.83785, 22.31163, 3.34856],
							"size": [7.67571, 3.10605, 0],
							"pivot": [0.00001, 23.86466, 3.34856],
							"rotation": [30, 0, 0],
							"uv": {
								"south": {"uv": [11, 33.25], "uv_size": [-5.75, 2.25]}
							}
						}
					]
				},
				{
					"name": "Accessory",
					"parent": "Hair_All",
					"pivot": [0, 27.92929, -0.24745]
				},
				{
					"name": "Eyes",
					"parent": "Head",
					"pivot": [0, 6.66096, -1.22488]
				},
				{
					"name": "EyeRight",
					"parent": "Eyes",
					"pivot": [0, 6.66096, -1.22488]
				},
				{
					"name": "RightEyeOpen",
					"parent": "EyeRight",
					"pivot": [-1.62172, 22.38962, -3.14729],
					"cubes": [
						{
							"origin": [-2.61302, 22.31794, -3.64813],
							"size": [1.81727, 2.01523, 1.49658],
							"pivot": [-1.72476, 23.30519, -2.57914],
							"rotation": [0, 0, 90],
							"uv": {
								"north": {"uv": [43.75, 32.75], "uv_size": [-2.75, 3]}
							}
						},
						{
							"origin": [-1.08677, 21.97412, -3.64531],
							"size": [0.14699, 1.38424, 0],
							"pivot": [-0.93979, 23.35836, -3.64432],
							"rotation": [175.60339, -52.69865, -70.77681],
							"uv": {
								"north": {"uv": [42.75, 35.75], "uv_size": [-0.25, 1.75]},
								"south": {"uv": [41.75, 35.75], "uv_size": [-0.25, 1.75]},
								"up": {"uv": [41, 37.5], "uv_size": [0.25, -1.75]},
								"down": {"uv": [42, 37.5], "uv_size": [0.25, -1.75]}
							}
						}
					]
				},
				{
					"name": "RightWhite",
					"parent": "RightEyeOpen",
					"pivot": [-1.67284, 23.0425, -3.31247],
					"cubes": [
						{
							"origin": [-2.69164, 22.3825, -3.59556],
							"size": [1.98811, 1.44372, 0.96209],
							"uv": {
								"north": {"uv": [40.75, 32.75], "uv_size": [-3, 2.25]}
							}
						}
					]
				},
				{
					"name": "RightEyeIris",
					"parent": "RightWhite",
					"pivot": [-1.57797, 23.0425, -3.49981],
					"cubes": [
						{
							"origin": [-1.91541, 22.66657, -3.64572],
							"size": [0.69733, 0.93892, 0.75898],
							"uv": {
								"north": {"uv": [35, 37.08333], "uv_size": [-2.5, 3]}
							}
						}
					]
				},
				{
					"name": "RightEyelight",
					"parent": "RightWhite",
					"pivot": [-1.21421, 23.06328, -3.66798],
					"cubes": [
						{
							"origin": [-1.63414, 22.96549, -3.66798],
							"size": [0.44395, 0.22033, 0],
							"uv": {
								"north": {"uv": [36, 36.83333], "uv_size": [-1, 1]}
							}
						}
					]
				},
				{
					"name": "RightEyeClose",
					"parent": "EyeRight",
					"pivot": [0, 6.66096, -1.22488],
					"cubes": [
						{
							"origin": [-2.66302, 22.31794, -3.64813],
							"size": [1.81727, 2.01523, 1.49658],
							"pivot": [-1.77476, 23.30519, -2.57914],
							"rotation": [0, 0, 90],
							"uv": {
								"north": {"uv": [46.75, 32.75], "uv_size": [-2.75, 3]}
							}
						}
					]
				},
				{
					"name": "RightEyesSqueezed",
					"parent": "EyeRight",
					"pivot": [-1.70439, 23.33481, -2.89984],
					"rotation": [0, 0, 10],
					"cubes": [
						{
							"origin": [-2.61302, 22.36794, -3.64813],
							"size": [1.81727, 2.01523, 1.49658],
							"pivot": [-1.72476, 23.35519, -2.57914],
							"rotation": [0, 0, 90],
							"uv": {
								"north": {"uv": [46.75, 32.75], "uv_size": [-2.75, 3]}
							}
						}
					]
				},
				{
					"name": "nose",
					"parent": "Head",
					"pivot": [-0.01343, 22.13805, -3.61126],
					"cubes": [
						{
							"origin": [-0.51513, 21.83703, -3.98824],
							"size": [1.03811, 0.72306, 0.72306],
							"uv": {
								"north": {"uv": [21, 0], "uv_size": [1, 0.75]}
							}
						},
						{
							"origin": [0.35164, 22.4408, -3.51799],
							"size": [0.38475, 0.29925, 0],
							"pivot": [0.54402, 22.59043, -3.51799],
							"rotation": [0, 0, 45],
							"uv": {
								"north": {"uv": [43, 36.25], "uv_size": [0.25, 0.25]}
							}
						},
						{
							"origin": [0.38014, 21.65354, -3.51799],
							"size": [0.35625, 0.29925, 0],
							"pivot": [0.54402, 21.80317, -3.51799],
							"rotation": [0, 0, -45],
							"uv": {
								"north": {"uv": [43.5, 36.5], "uv_size": [-0.25, -0.25]}
							}
						},
						{
							"origin": [-0.70413, 21.66779, -3.54649],
							"size": [0.35625, 0.29925, 0],
							"pivot": [-0.51176, 21.81742, -3.54649],
							"rotation": [0, 0, 45],
							"uv": {
								"north": {"uv": [43.5, 36.5], "uv_size": [-0.25, -0.25]}
							}
						},
						{
							"origin": [-0.70413, 22.4408, -3.54649],
							"size": [0.35625, 0.29925, 0],
							"pivot": [-0.51176, 22.59043, -3.54649],
							"rotation": [0, 0, -45],
							"uv": {
								"north": {"uv": [43.25, 36.25], "uv_size": [-0.25, 0.25]}
							}
						},
						{
							"origin": [0.52297, 21.83703, -3.98824],
							"size": [0.56786, 0.72306, 0.72306],
							"pivot": [0.52297, 21.83703, -3.98824],
							"rotation": [0, -60.5, 0],
							"uv": {
								"north": {"uv": [22.5, 1], "uv_size": [-0.5, 0.75]},
								"up": {"uv": [22.5, 0], "uv_size": [-0.25, 0.5]},
								"down": {"uv": [21.75, 27], "uv_size": [0.75, -0.75]}
							}
						},
						{
							"origin": [-1.04023, 21.83703, -3.98824],
							"size": [0.52511, 0.72306, 0.72306],
							"pivot": [-0.51513, 21.83703, -3.98824],
							"rotation": [0, 62.5, 0],
							"uv": {
								"north": {"uv": [22, 1], "uv_size": [0.5, 0.75]},
								"up": {"uv": [22.5, 0], "uv_size": [-0.25, 0.5]},
								"down": {"uv": [22.5, 27], "uv_size": [-0.75, -0.75]}
							}
						},
						{
							"origin": [-0.51513, 22.56008, -3.98824],
							"size": [1.03811, 0.72306, 0.72306],
							"pivot": [0.52297, 22.56008, -3.98824],
							"rotation": [-60, 0, 0],
							"uv": {
								"north": {"uv": [21, 1.75], "uv_size": [1, 0.5]},
								"east": {"uv": [22.25, 0], "uv_size": [0.25, 0.5]},
								"west": {"uv": [22.25, 0], "uv_size": [0.25, 0.5]},
								"down": {"uv": [21.75, 27], "uv_size": [0.75, -0.75]}
							}
						},
						{
							"origin": [-0.51513, 21.13396, -3.98824],
							"size": [1.03811, 0.72306, 0.72306],
							"pivot": [0.52297, 21.85703, -3.98824],
							"rotation": [60, 0, 0],
							"uv": {
								"north": {"uv": [21, 1.5], "uv_size": [0.75, -0.5]},
								"east": {"uv": [18.5, 25.5], "uv_size": [0.75, -0.75]},
								"west": {"uv": [18.5, 25.5], "uv_size": [0.75, -0.75]},
								"up": {"uv": [21.75, 26.25], "uv_size": [0.75, 0.75]}
							}
						}
					]
				},
				{
					"name": "ears",
					"parent": "Head",
					"pivot": [0, 19.37989, -0.24745]
				},
				{
					"name": "earLeft",
					"parent": "ears",
					"pivot": [-3.13437, 23.77213, -0.24745],
					"rotation": [0, 0, -35.5],
					"cubes": [
						{
							"origin": [-5.74136, 21.73417, -1.0849],
							"size": [2.82093, 1.95486, 1.95486],
							"pivot": [-4.3309, 22.57162, -0.24745],
							"rotation": [-45, 0, 0],
							"uv": {
								"north": {"uv": [35.75, 21.25], "uv_size": [-2.75, 2]},
								"up": {"uv": [35.5, 19], "uv_size": [-2.5, 2]}
							}
						},
						{
							"origin": [-5.74136, 21.7218, -1.09727],
							"size": [2.82093, 1.9796, 1.9796],
							"pivot": [-3.91023, 22.57162, -0.24745],
							"rotation": [-45, 0, 0],
							"uv": {
								"north": {"uv": [16.25, 27], "uv_size": [-2.75, 2]},
								"up": {"uv": [2.5, 27.5], "uv_size": [-2.5, 2]}
							}
						}
					]
				},
				{
					"name": "earRight",
					"parent": "ears",
					"pivot": [3.13437, 23.59891, -0.24745],
					"rotation": [0, 0, 35.5],
					"cubes": [
						{
							"origin": [2.80793, 21.69267, -1.0849],
							"size": [2.82093, 1.95486, 1.95486],
							"pivot": [4.2184, 22.53012, -0.24745],
							"rotation": [-45, 0, 0],
							"uv": {
								"north": {"uv": [33, 21.25], "uv_size": [2.75, 2]},
								"up": {"uv": [33, 19], "uv_size": [2.5, 2]}
							}
						},
						{
							"origin": [2.80793, 21.37098, -1.09727],
							"size": [2.82093, 2.28891, 2.22705],
							"pivot": [3.79773, 22.53012, -0.24745],
							"rotation": [-45, 0, 0],
							"uv": {
								"north": {"uv": [13.5, 27], "uv_size": [2.75, 2]},
								"up": {"uv": [0, 27.5], "uv_size": [2.5, 2]}
							}
						}
					]
				},
				{
					"name": "mouths",
					"parent": "Head",
					"pivot": [0, 20.86459, -3.44716],
					"rotation": [-17.5, 0, 0]
				},
				{
					"name": "smile",
					"parent": "mouths",
					"pivot": [0, 20.20885, -2.35014],
					"cubes": [
						{
							"origin": [-1.09286, 20.77798, -3.33994],
							"size": [2.18572, 0.9898, 0.4949],
							"pivot": [0, 20.28308, -2.35014],
							"rotation": [17.5, 0, 0],
							"uv": {
								"north": {"uv": [36.25, 36.5], "uv_size": [2.5, 1.25]}
							}
						}
					]
				},
				{
					"name": "frown",
					"parent": "mouths",
					"pivot": [0, 19.72632, 0.09962],
					"cubes": [
						{
							"origin": [-1.09286, 20.77798, -3.33994],
							"size": [2.18572, 0.9898, 0.4949],
							"pivot": [0, 20.28308, -2.35014],
							"rotation": [17.5, 0, 0],
							"uv": {
								"north": {"uv": [35.25, 38], "uv_size": [2.5, 1.25]}
							}
						}
					]
				},
				{
					"name": "happy",
					"parent": "mouths",
					"pivot": [0, 19.64559, -3.59176],
					"cubes": [
						{
							"origin": [-1.19082, 20.49265, -3.30244],
							"size": [2.38164, 1.31149, 0],
							"pivot": [-0.1, 20.15859, -2.31264],
							"rotation": [17.5, 0, 0],
							"uv": {
								"north": {"uv": [39.25, 38], "uv_size": [3, 1.75]}
							}
						}
					]
				},
				{
					"name": "BackpackLocator",
					"parent": "UpperBody",
					"pivot": [0, 17.23404, 0.303]
				},
				{
					"name": "LeftWaistLocator",
					"parent": "UpperBody",
					"pivot": [3.21938, 11.7655, 0],
					"rotation": [-20, 0, 0]
				},
				{
					"name": "RightWaistLocator",
					"parent": "UpperBody",
					"pivot": [-3.30775, 11.82863, 0],
					"rotation": [-5, 0, 0]
				},
				{
					"name": "DownBody",
					"parent": "AllBody",
					"pivot": [0, 18.987, 0]
				},
				{
					"name": "Skirt",
					"parent": "DownBody",
					"pivot": [0, 11.97171, 0],
					"cubes": [
						{
							"origin": [-2.64304, 10.806, -2.5654],
							"size": [5.28609, 1.53773, 4.50965],
							"uv": {
								"north": {"uv": [45.75, 0], "uv_size": [3.75, 1]},
								"east": {"uv": [45.75, 11.5], "uv_size": [3, 1]},
								"south": {"uv": [45.75, 2], "uv_size": [3.75, 1]},
								"west": {"uv": [36.25, 12.75], "uv_size": [3, 1]},
								"up": {"uv": [33.75, 0], "uv_size": [3.5, 3]},
								"down": {"uv": [33.75, 7], "uv_size": [3.5, -3]}
							}
						}
					]
				},
				{
					"name": "SkirtBack",
					"parent": "Skirt",
					"pivot": [0, 10.67975, 1.89796],
					"cubes": [
						{
							"origin": [-2.69012, 6.94688, -3.37509],
							"size": [5.38025, 4.1495, 3.03],
							"pivot": [0, 0.39038, -0.78275],
							"rotation": [-180, 0, 180],
							"uv": {
								"north": {"uv": [38.25, 0], "uv_size": [3.5, 2.75]},
								"east": {"uv": [40.25, 9.25], "uv_size": [1.75, 2.75]},
								"west": {"uv": [40.25, 9.25], "uv_size": [1.75, 2.75]}
							}
						}
					]
				},
				{
					"name": "SkirtSide",
					"parent": "Skirt",
					"pivot": [0, 11.14688, 1.43084]
				},
				{
					"name": "SkirtSideLeft",
					"parent": "SkirtSide",
					"pivot": [2.902, 11.14688, -0.2525],
					"cubes": [
						{
							"origin": [-1.70538, 6.94688, -2.53341],
							"size": [4.61013, 4.2, 4.3935],
							"uv": {
								"north": {"uv": [39.08333, 6.25], "uv_size": [2.66667, 2.75]},
								"south": {"uv": [41.75, 6.25], "uv_size": [-2.83333, 2.75]},
								"west": {"uv": [43, 3.25], "uv_size": [2, 2.5]},
								"up": {"uv": [45, 5.75], "uv_size": [-2, -2.5]}
							}
						}
					]
				},
				{
					"name": "SkirtSideRight",
					"parent": "SkirtSide",
					"pivot": [-2.902, 11.14688, -0.2525],
					"cubes": [
						{
							"origin": [-2.90475, 6.94688, -2.53341],
							"size": [4.61013, 4.2, 4.3935],
							"uv": {
								"north": {"uv": [41.75, 6.25], "uv_size": [-2.83333, 2.75]},
								"east": {"uv": [45, 3.25], "uv_size": [-2, 2.5]},
								"south": {"uv": [38.91667, 6.25], "uv_size": [2.83333, 2.75]},
								"up": {"uv": [45, 5.75], "uv_size": [-2, -2.5]}
							}
						}
					]
				},
				{
					"name": "SkirtFront",
					"parent": "Skirt",
					"pivot": [0, 11.07113, -1.98634],
					"cubes": [
						{
							"origin": [-2.81638, 6.94688, -2.54184],
							"size": [5.63275, 4.1495, 3.03],
							"uv": {
								"north": {"uv": [38.25, 3.25], "uv_size": [3.5, 2.75]},
								"east": {"uv": [35.5, 10.75], "uv_size": [-1.75, 2.75]},
								"west": {"uv": [33.75, 10.75], "uv_size": [1.75, 2.75]}
							}
						}
					]
				},
				{
					"name": "Legs",
					"parent": "DownBody",
					"pivot": [0, 11.69816, 0]
				},
				{
					"name": "LeftLeg",
					"parent": "Legs",
					"pivot": [1.48874, 11.14519, 0],
					"cubes": [
						{
							"origin": [0.47596, 5.99166, -1.26755],
							"size": [1.95587, 5.1207, 2.26998],
							"uv": {
								"north": {"uv": [12.25, 22.5], "uv_size": [1.75, 3.5]},
								"east": {"uv": [11.5, 17.75], "uv_size": [2, 3.75]},
								"south": {"uv": [15.5, 22.5], "uv_size": [1.75, 3.5]},
								"west": {"uv": [3, 20], "uv_size": [2, 3.75]},
								"up": {"uv": [18.5, 26.25], "uv_size": [1.75, 2]},
								"down": {"uv": [26.25, 27.5], "uv_size": [1.75, -2]}
							}
						}
					]
				},
				{
					"name": "LeftLegCover",
					"parent": "LeftLeg",
					"pivot": [2.6212, 5.99166, -1.26755],
					"cubes": [
						{
							"origin": [0.51283, 5.99166, -1.26755],
							"size": [1.88113, 1.60475, 1.60488],
							"pivot": [2.6212, 5.99166, -1.26755],
							"rotation": [-45, 0, 0],
							"uv": {
								"north": {"uv": [39.75, 15.75], "uv_size": [2.25, 1.75]},
								"east": {"uv": [39.75, 15.75], "uv_size": [1.75, 1.75]},
								"south": {"uv": [39.75, 15.75], "uv_size": [2.25, 1.75]},
								"west": {"uv": [39.75, 15.75], "uv_size": [1.75, 1.75]},
								"up": {"uv": [42, 17.5], "uv_size": [-2.25, -1.75]},
								"down": {"uv": [42, 15.5], "uv_size": [-2.25, -1.75]}
							}
						}
					]
				},
				{
					"name": "LeftLowerLeg",
					"parent": "LeftLeg",
					"pivot": [1.26225, 6.02146, 0.02449],
					"rotation": [2.5, 0, 0],
					"cubes": [
						{
							"origin": [0.49338, 1.05933, -1.25013],
							"size": [1.92102, 4.9692, 2.26998],
							"uv": {
								"north": {"uv": [17, 17], "uv_size": [1.75, 4.25]},
								"east": {"uv": [8.5, 16.25], "uv_size": [2, 4.25]},
								"south": {"uv": [0, 17.75], "uv_size": [1.75, 4.25]},
								"west": {"uv": [17, 3.75], "uv_size": [2, 4.25]},
								"up": {"uv": [7.75, 27], "uv_size": [1.75, 2]},
								"down": {"uv": [10.75, 29], "uv_size": [1.75, -2]}
							}
						}
					]
				},
				{
					"name": "LeftLowderLegCover",
					"parent": "LeftLowerLeg",
					"pivot": [2.51541, 1.0593, -1.25018],
					"cubes": [
						{
							"origin": [0.53113, 0.4205, -1.25013],
							"size": [1.87077, 0.63883, 2.0836],
							"pivot": [0.53113, 1.05933, -1.25013],
							"rotation": [20, 0, 0],
							"uv": {
								"north": {"uv": [39.8, 12.73333], "uv_size": [1.99577, 0.63883]},
								"east": {"uv": [8.5, 16.25], "uv_size": [2, 4.25]},
								"south": {"uv": [0, 17.75], "uv_size": [1.75, 4.25]},
								"west": {"uv": [17, 3.75], "uv_size": [2, 4.25]},
								"up": {"uv": [7.75, 27], "uv_size": [1.75, 2]},
								"down": {"uv": [10.75, 29], "uv_size": [1.75, -2]}
							}
						}
					]
				},
				{
					"name": "LeftFoot",
					"parent": "LeftLowerLeg",
					"pivot": [1.51576, 1.36713, 0.20907],
					"cubes": [
						{
							"origin": [0.43329, 0.14953, -1.12389],
							"size": [2.04298, 1.32411, 2.17858],
							"uv": {
								"east": {"uv": [30.25, 10.75], "uv_size": [1.5, 1]},
								"south": {"uv": [29, 0], "uv_size": [2, 1]},
								"west": {"uv": [30.25, 13.25], "uv_size": [1.5, 0.75]},
								"up": {"uv": [27, 11.5], "uv_size": [2, 1.75]}
							}
						},
						{
							"origin": [0.43481, 0.08847, -3.01939],
							"size": [2.03995, 0.60802, 4.07257],
							"inflate": 0.005,
							"uv": {
								"north": {"uv": [29.25, 27], "uv_size": [2, 0.75]},
								"east": {"uv": [27.75, 21], "uv_size": [3.25, 0.75]},
								"south": {"uv": [30.25, 4.75], "uv_size": [1.75, 0.75]},
								"west": {"uv": [21.75, 27.75], "uv_size": [3.25, 0.75]},
								"down": {"uv": [0, 26.5], "uv_size": [2, -3.25]}
							}
						},
						{
							"origin": [0.44902, 0.30188, -2.94993],
							"size": [2.00585, 0.72215, 2.06015],
							"pivot": [0.0305, 0.67558, -2.1764],
							"rotation": [22.5, 0, 0],
							"uv": {
								"east": {"uv": [20.75, 15.5], "uv_size": [1.75, 0.5]},
								"south": {"uv": [31, 28.5], "uv_size": [1.75, 0.75]},
								"west": {"uv": [23.25, 31.75], "uv_size": [1.5, 0.5]},
								"up": {"uv": [27.75, 18.5], "uv_size": [2, 1.5]}
							}
						}
					]
				},
				{
					"name": "RightLeg",
					"parent": "Legs",
					"pivot": [-1.48874, 11.14519, 0],
					"cubes": [
						{
							"origin": [-2.43183, 5.99166, -1.26755],
							"size": [1.95587, 5.1207, 2.26998],
							"uv": {
								"north": {"uv": [14, 22.5], "uv_size": [-1.75, 3.5]},
								"east": {"uv": [5, 20], "uv_size": [-2, 3.75]},
								"south": {"uv": [17.25, 22.5], "uv_size": [-1.75, 3.5]},
								"west": {"uv": [13.5, 17.75], "uv_size": [-2, 3.75]},
								"up": {"uv": [20.25, 26.25], "uv_size": [-1.75, 2]},
								"down": {"uv": [28, 27.5], "uv_size": [-1.75, -2]}
							}
						}
					]
				},
				{
					"name": "RightLegCover",
					"parent": "RightLeg",
					"pivot": [-2.6212, 5.99166, -1.26755],
					"cubes": [
						{
							"origin": [-2.39396, 5.99166, -1.26755],
							"size": [1.88113, 1.60475, 1.60488],
							"pivot": [-2.6212, 5.99166, -1.26755],
							"rotation": [-45, 0, 0],
							"uv": {
								"north": {"uv": [42, 15.75], "uv_size": [-2.25, 1.75]},
								"east": {"uv": [41.5, 15.75], "uv_size": [-1.75, 1.75]},
								"south": {"uv": [42, 15.75], "uv_size": [-2.25, 1.75]},
								"west": {"uv": [41.5, 15.75], "uv_size": [-1.75, 1.75]},
								"up": {"uv": [39.75, 17.5], "uv_size": [2.25, -1.75]},
								"down": {"uv": [39.75, 15.5], "uv_size": [2.25, -1.75]}
							}
						}
					]
				},
				{
					"name": "RightLowerLeg",
					"parent": "RightLeg",
					"pivot": [-1.26225, 6.02146, 0.02449],
					"rotation": [2.5, 0, 0],
					"cubes": [
						{
							"origin": [-2.4144, 1.05933, -1.25013],
							"size": [1.92102, 4.9692, 2.26998],
							"uv": {
								"north": {"uv": [18.75, 17], "uv_size": [-1.75, 4.25]},
								"east": {"uv": [19, 3.75], "uv_size": [-2, 4.25]},
								"south": {"uv": [1.75, 17.75], "uv_size": [-1.75, 4.25]},
								"west": {"uv": [10.5, 16.25], "uv_size": [-2, 4.25]},
								"up": {"uv": [9.5, 27], "uv_size": [-1.75, 2]},
								"down": {"uv": [12.5, 29], "uv_size": [-1.75, -2]}
							}
						}
					]
				},
				{
					"name": "RightLowderLegCover",
					"parent": "RightLowerLeg",
					"pivot": [-2.51541, 1.0593, -1.25018],
					"cubes": [
						{
							"origin": [-2.4019, 0.4205, -1.25013],
							"size": [1.87077, 0.63883, 2.0836],
							"pivot": [-0.53113, 1.05933, -1.25013],
							"rotation": [20, 0, 0],
							"uv": {
								"north": {"uv": [41.79577, 12.73333], "uv_size": [-1.99577, 0.63883]},
								"east": {"uv": [19, 3.75], "uv_size": [-2, 4.25]},
								"south": {"uv": [1.75, 17.75], "uv_size": [-1.75, 4.25]},
								"west": {"uv": [10.5, 16.25], "uv_size": [-2, 4.25]},
								"up": {"uv": [9.5, 27], "uv_size": [-1.75, 2]},
								"down": {"uv": [12.5, 29], "uv_size": [-1.75, -2]}
							}
						}
					]
				},
				{
					"name": "RightFoot",
					"parent": "RightLowerLeg",
					"pivot": [-1.51576, 1.36713, 0.20907],
					"cubes": [
						{
							"origin": [-2.47627, 0.14953, -1.12389],
							"size": [2.04298, 1.32411, 2.17858],
							"uv": {
								"east": {"uv": [31.75, 13.25], "uv_size": [-1.5, 0.75]},
								"south": {"uv": [31, 0], "uv_size": [-2, 1]},
								"west": {"uv": [31.75, 10.75], "uv_size": [-1.5, 1]},
								"up": {"uv": [29, 11.5], "uv_size": [-2, 1.75]}
							}
						},
						{
							"origin": [-2.47476, 0.08847, -3.01939],
							"size": [2.03995, 0.60802, 4.07257],
							"inflate": 0.005,
							"uv": {
								"north": {"uv": [31.25, 27], "uv_size": [-2, 0.75]},
								"east": {"uv": [25, 27.75], "uv_size": [-3.25, 0.75]},
								"south": {"uv": [32, 4.75], "uv_size": [-1.75, 0.75]},
								"west": {"uv": [31, 21], "uv_size": [-3.25, 0.75]},
								"down": {"uv": [2, 26.5], "uv_size": [-2, -3.25]}
							}
						},
						{
							"origin": [-2.45487, 0.30188, -2.94993],
							"size": [2.00585, 0.72215, 2.06015],
							"pivot": [-0.0305, 0.67558, -2.1764],
							"rotation": [22.5, 0, 0],
							"uv": {
								"east": {"uv": [24.75, 31.75], "uv_size": [-1.5, 0.5]},
								"south": {"uv": [32.75, 28.5], "uv_size": [-1.75, 0.75]},
								"west": {"uv": [22.5, 15.5], "uv_size": [-1.75, 0.5]},
								"up": {"uv": [29.75, 18.5], "uv_size": [-2, 1.5]}
							}
						}
					]
				}
			]
		}
	]
}