{
  "type": "minecraft:chest",
  "pools": [
    {
      "rolls": {
        "type": "minecraft:uniform",
        "min": 1,
        "max": 1
      },
      "bonus_rolls": 0,
      "entries": [
        {
          "type": "minecraft:empty",
          "weight": 8
        },
        {
          "type": "minecraft:item",
          "weight": 1,
          "name": "minecraft:written_book",
          "functions": [
            {
              "function":"set_nbt",
        "tag":"{
          pages:[
              \"[
                \\\"\\\",
                {\\\"text\\\":\\\"§kREDACTED\\\"},
                {\\\"text\\\":\\\"§l的日记\n第202天\n\n\\\"},
                {\\\"text\\\":\\\"餐厅刚刚安装了一个令人难以置信的大门。 \\\"},
                {\\\"text\\\":\\\"只要踩到门外的踏板，大门就会旋转着打开。 \\\"},
                {\\\"text\\\":\\\"我相信这是\\\"},
                {\\\"text\\\":\\\"§kREDACTED\\\"},
                {\\\"text\\\":\\\"设计的。\\\"}
              ]\"
            ],
            title:Journal,
            author:Unknown,
            display:{Lore:[\"Found in the ancient Stronghold\"]}
            }"},
            {
              "function": "minecraft:set_name",
              "name": "神秘日记 #5",
              "add": false
            }
          ]
        },
        {
          "type": "minecraft:item",
          "weight": 1,
          "name": "minecraft:written_book",
          "functions": [
            {
              "function":"set_nbt",
        "tag":"{
          pages:[
              \"[
                \\\"\\\",
                {\\\"text\\\":\\\"§kREDACTED\\\"},
                {\\\"text\\\":\\\"§l的日记\n第132天\n\n\\\"},
                {\\\"text\\\":\\\"我又逮到小\\\"},
                {\\\"text\\\":\\\"§kREDACTED\\\"},
                {\\\"text\\\":\\\"从厨房里偷派了！\\\"},
                {\\\"text\\\":\\\"我想，孩子终究是孩子。\\\"}
              ]\"
            ],
            title:Journal,
            author:Unknown,
            display:{Lore:[\"Found in the ancient Stronghold\"]}
            }"},
            {
              "function": "minecraft:set_name",
              "name": "神秘日记 #6",
              "add": false
            }
          ]
        },
        {
          "type": "minecraft:item",
          "weight": 1,
          "name": "minecraft:written_book",
          "functions": [
            {
              "function":"set_nbt",
        "tag":"{
          pages:[
              \"[
                \\\"\\\",
                {\\\"text\\\":\\\"§kREDACTED\\\"},
                {\\\"text\\\":\\\"§l的日记\n第164天\n\n\\\"},
                {\\\"text\\\":\\\"今天在餐厅吃饭的时候，我看见\\\"},
                {\\\"text\\\":\\\"§kREDACTED \\\"},
                {\\\"text\\\":\\\"独自坐在房间的一侧。\\\"},
                {\\\"text\\\":\\\"我转过头来继续吃，结果我就发现他们不见了！\\\"}
              ]\",
              \"[
                {\\\"text\\\":\\\"我发誓我听见了房间的左侧附近有开门的声音.....\\\"}
              ]\"
            ],
            title:Journal,
            author:Unknown,
            display:{Lore:[\"Found in the ancient Stronghold\"]}
            }"},
            {
              "function": "minecraft:set_name",
              "name": "神秘日记#19",
              "add": false
            }
          ]
        },
        {
          "type": "minecraft:item",
          "weight": 1,
          "name": "minecraft:written_book",
          "functions": [
            {
              "function":"set_nbt",
        "tag":"{
          pages:[
              \"[
                \\\"\\\",
                {\\\"text\\\":\\\"§kREDACTED\\\"},
                {\\\"text\\\":\\\"§l的日记\n第144天\n\n\\\"},
                {\\\"text\\\":\\\"有人把厨房里全部的甜点都偷走了！\\\"},
                {\\\"text\\\":\\\"昨天都还在这呢，今天就全没了。\\\"}
              ]\",
              \"[
                {\\\"text\\\":\\\"甚至连派都没留下一个，真是个伤心的一天...\\\"}
              ]\"
            ],
            title:Journal,
            author:Unknown,
            display:{Lore:[\"Found in the ancient Stronghold\"]}
            }"},
            {
              "function": "minecraft:set_name",
              "name": "神秘日记#20",
              "add": false
            }
          ]
        },
        {
          "type": "minecraft:item",
          "weight": 1,
          "name": "minecraft:written_book",
          "functions": [
            {
              "function":"set_nbt",
        "tag":"{
          pages:[
              \"[
                \\\"\\\",
                {\\\"text\\\":\\\"§l会议记录\n第63天\n\n\\\"},
                {\\\"text\\\":\\\"§l主持人：\\\"},
                {\\\"text\\\":\\\"§kREDACTED\n\n\\\"},
                {\\\"text\\\":\\\"§l讨论话题：大图书馆\\\"}
              ]\",
              \"[
                {\\\"text\\\":\\\"今天讨论的主题是新建的大图书馆。 \\\"},
                {\\\"text\\\":\\\"我们决定将其用于研究、储存书籍，并在第二个房间研究\\\"},
                {\\\"text\\\":\\\"§k小行星及其内部的神秘物质。\\\"}
              ]\"
            ],
            title:Meeting,
            author:Unknown,
            display:{Lore:[\"Found in the ancient Stronghold\"]}
            }"},
            {
              "function": "minecraft:set_name",
              "name": "会议记录 #1",
              "add": false
            }
          ]
        },
        {
          "type": "minecraft:item",
          "weight": 1,
          "name": "minecraft:written_book",
          "functions": [
            {
              "function":"set_nbt",
        "tag":"{
          pages:[
              \"[
                \\\"\\\",
                {\\\"text\\\":\\\"§l会议记录\n第306天\n\n\\\"},
                {\\\"text\\\":\\\"§l主持人：\\\"},
                {\\\"text\\\":\\\"§kREDACTED\n\n\\\"},
                {\\\"text\\\":\\\"§l讨论话题：远征\\\"}
              ]\",
              \"[
                {\\\"text\\\":\\\"在这次重要会议中，我们决定派\\\"},
                {\\\"text\\\":\\\"§kREDACTED, REDAC, 和 REDACTE\\\"},
                {\\\"text\\\":\\\"穿越封锁在要塞深处的神秘装置，\\\"},
                {\\\"text\\\":\\\"并希望\\\"},
                {\\\"text\\\":\\\"§o至高无上者 \\\"},
                {\\\"text\\\":\\\"就在那里等着我们。\\\"}
              ]\"
            ],
            title:Meeting,
            author:Unknown,
            display:{Lore:[\"Found in the ancient Stronghold\"]}
            }"},
            {
              "function": "minecraft:set_name",
              "name": "会议记录 #2",
              "add": false
            }
          ]
        },
        {
          "type": "minecraft:item",
          "weight": 1,
          "name": "minecraft:written_book",
          "functions": [
            {
              "function":"set_nbt",
        "tag":"{
          pages:[
              \"[
                \\\"\\\",
                {\\\"text\\\":\\\"§l会议记录\n第309天\n\n\\\"},
                {\\\"text\\\":\\\"§l主持人：\\\"},
                {\\\"text\\\":\\\"§kREDACTED\n\n\\\"},
                {\\\"text\\\":\\\"§l讨论话题：感染\\\"}
              ]\",
              \"[
                {\\\"text\\\":\\\"继\\\"},
                {\\\"text\\\":\\\"§kREDACTED 和 REDACTE\\\"},
                {\\\"text\\\":\\\"死了之后，我们决定在监狱隔离\\\"},
                {\\\"text\\\":\\\"§kREDAC\\\"},
                {\\\"text\\\":\\\"。\\\"},
                {\\\"text\\\":\\\"我们希望这样可以让我们免受其他受害者的感染。\\\"}
              ]\"
            ],
            title:Meeting,
            author:Unknown,
            display:{Lore:[\"Found in the ancient Stronghold\"]}
            }"},
            {
              "function": "minecraft:set_name",
              "name": "会议记录 #3",
              "add": false
            }
          ]
        },
        {
          "type": "minecraft:item",
          "weight": 1,
          "name": "minecraft:written_book",
          "functions": [
            {
              "function":"set_nbt",
        "tag":"{
          pages:[
              \"[
                \\\"\\\",
                {\\\"text\\\":\\\"§l会议记录\n第85天\n\n\\\"},
                {\\\"text\\\":\\\"§l主持人：\\\"},
                {\\\"text\\\":\\\"§kREDACTED\n\n\\\"},
                {\\\"text\\\":\\\"§l讨论话题：\\\"},
                {\\\"text\\\":\\\"§kREDACTED\\\"},
                {\\\"text\\\":\\\"§l之死\\\"}
              ]\",
              \"[
                {\\\"text\\\":\\\"自从 \\\"},
                {\\\"text\\\":\\\"§kREDACTED \\\"},
                {\\\"text\\\":\\\"在下界旅途中被推进了熔岩，\\\"},
                {\\\"text\\\":\\\"我们认为\\\"},
                {\\\"text\\\":\\\"§kREDAC\\\"},
                {\\\"text\\\":\\\"最有可能是推他们下去的人。\\\"},
                {\\\"text\\\":\\\"在我们讨论时，他们正在被押去监狱。\\\"}
              ]\"
            ],
            title:Meeting,
            author:Unknown,
            display:{Lore:[\"Found in the ancient Stronghold\"]}
            }"},
            {
              "function": "minecraft:set_name",
              "name": "会议记录 #4",
              "add": false
            }
          ]
        }
      ]
    },
    {
      "rolls": 4,
      "entries": [
        {
          "type": "minecraft:item",
          "weight": 20,
          "name": "minecraft:glass_bottle",
          "functions": [
            {
              "function": "minecraft:limit_count",
              "limit": {
                "min": 3,
                "max": 6
              }
            }
          ]
        },
        {
          "type": "minecraft:item",
          "weight": 5,
          "name": "minecraft:potion",
          "functions": [
            {
              "function": "minecraft:set_potion",
              "id": "minecraft:water"
            }
          ]
        },
        {
          "type": "minecraft:item",
          "weight": 10,
          "name": "quark:dirty_shard",
          "functions": [
            {
              "function": "minecraft:limit_count",
              "limit": {
                "min": 3,
                "max": 6
              }
            }
          ]
        },
        {
          "type": "minecraft:item",
          "weight": 10,
          "name": "minecraft:flower_pot",
          "functions": [
            {
              "function": "minecraft:limit_count",
              "limit": {
                "min": 1,
                "max": 4
              }
            }
          ]
        },
        {
          "type": "minecraft:item",
          "weight": 5,
          "name": "minecraft:honey_bottle"
        }
      ]
    },
    {
      "rolls": 1,
      "entries": [
        {
          "type": "minecraft:item",
          "weight": 5,
          "name": "minecraft:pumpkin_pie"
        },
        {
          "type": "minecraft:item",
          "weight": 5,
          "name": "minecraft:cake"
        },
        {
          "type": "minecraft:item",
          "weight": 5,
          "name": "minecraft:milk_bucket"
        },
        {
          "type": "minecraft:item",
          "weight": 5,
          "name": "create:honey_bucket"
        },
        {
          "type": "minecraft:item",
          "weight": 5,
          "name": "create:honeyed_apple"
        },
        {
          "type": "minecraft:item",
          "weight": 5,
          "name": "minecraft:rabbit_stew"
        },
        {
          "type": "minecraft:item",
          "weight": 5,
          "name": "minecraft:mushroom_stew"
        },
        {
          "type": "minecraft:item",
          "weight": 5,
          "name": "minecraft:beetroot_soup"
        },
        {
          "type": "minecraft:item",
          "weight": 5,
          "name": "create:builders_tea"
        },
        {
          "type": "minecraft:item",
          "weight": 5,
          "name": "integrated_stronghold:music_disc_forlorn"
        }
      ]
    },
    {
      "rolls": 4,
      "entries": [
        {
          "type": "minecraft:item",
          "weight": 3,
          "name": "create:wheat_flour",
          "functions": [
            {
              "function": "minecraft:limit_count",
              "limit": {
                "min": 2,
                "max": 5
              }
            }
          ]
        },
        {
          "type": "minecraft:item",
          "weight": 5,
          "name": "create:dough",
          "functions": [
            {
              "function": "minecraft:limit_count",
              "limit": {
                "min": 2,
                "max": 5
              }
            }
          ]
        },
        {
          "type": "minecraft:item",
          "weight": 5,
          "name": "minecraft:egg",
          "functions": [
            {
              "function": "minecraft:limit_count",
              "limit": {
                "min": 2,
                "max": 7
              }
            }
          ]
        },
        {
          "type": "minecraft:item",
          "weight": 5,
          "name": "minecraft:sugar",
          "functions": [
            {
              "function": "minecraft:limit_count",
              "limit": {
                "min": 3,
                "max": 10
              }
            }
          ]
        },
        {
          "type": "minecraft:item",
          "weight": 5,
          "name": "quark:moss_paste",
          "functions": [
            {
              "function": "minecraft:limit_count",
              "limit": {
                "min": 3,
                "max": 10
              }
            }
          ]
        },
        {
          "type": "minecraft:item",
          "weight": 5,
          "name": "minecraft:potato",
          "functions": [
            {
              "function": "minecraft:limit_count",
              "limit": {
                "min": 3,
                "max": 10
              }
            }
          ]
        },
        {
          "type": "minecraft:item",
          "weight": 5,
          "name": "minecraft:bread",
          "functions": [
            {
              "function": "minecraft:limit_count",
              "limit": {
                "min": 3,
                "max": 7
              }
            }
          ]
        },
        {
          "type": "minecraft:item",
          "weight": 3,
          "name": "minecraft:baked_potato",
          "functions": [
            {
              "function": "minecraft:limit_count",
              "limit": {
                "min": 3,
                "max": 5
              }
            }
          ]
        }
      ]
    }
  ]
}
