{
  "type": "minecraft:chest",
  "pools": [    
    {
      "rolls": {
        "type": "minecraft:uniform",
        "min": 1,
        "max": 3
      },
      "bonus_rolls": 0,
      "entries": [
        {
          "type": "minecraft:empty",
          "weight": 5
        },
        {
          "type": "minecraft:item",
          "weight": 2,
          "name": "minecraft:written_book",
          "functions": [
            {
              "function":"set_nbt",
        "tag":"{
          pages:[
              \"[
                \\\"\\\",
                {\\\"text\\\":\\\"     a    <-->   ᔑ\n\\\"},
                {\\\"text\\\":\\\"     b    <-->   ʖ\n\\\"},
                {\\\"text\\\":\\\"     c    <-->   ᓵ\n\\\"},
                {\\\"text\\\":\\\"     d    <-->   ↸\n\\\"},
                {\\\"text\\\":\\\"     e    <-->   ᒷ\n\\\"},
                {\\\"text\\\":\\\"     f    <-->   ⎓\n\\\"},
                {\\\"text\\\":\\\"     g    <-->   ⊣\n\\\"},
                {\\\"text\\\":\\\"     h    <-->   ⍑\n\\\"},
                {\\\"text\\\":\\\"      i    <-->   ╎\n\\\"},
                {\\\"text\\\":\\\"     j    <-->   ⋮\n\\\"},
                {\\\"text\\\":\\\"     k    <-->   ꖌ\n\\\"},
                {\\\"text\\\":\\\"      l    <-->   ꖎ\n\\\"},
                {\\\"text\\\":\\\"     m    <-->   ᒲ\n\\\"},
                {\\\"text\\\":\\\"     n    <-->   リ\\\"}
              ]\",
              \"[
                {\\\"text\\\":\\\"     o    <-->   𝙹\n\\\"},
                {\\\"text\\\":\\\"     p    <-->   !¡\n\\\"},
                {\\\"text\\\":\\\"     q    <-->   ᑑ\n\\\"},
                {\\\"text\\\":\\\"     r    <-->   ∷\n\\\"},
                {\\\"text\\\":\\\"     s    <-->   ᓭ\n\\\"},
                {\\\"text\\\":\\\"     t    <-->   ℸ\n\\\"},
                {\\\"text\\\":\\\"     u    <-->   ⚍\n\\\"},
                {\\\"text\\\":\\\"     v    <-->   ⍊\n\\\"},
                {\\\"text\\\":\\\"     w    <-->   ∴\n\\\"},
                {\\\"text\\\":\\\"     x    <-->   ̇/\n\\\"},
                {\\\"text\\\":\\\"     y    <-->   ||\n\\\"},
                {\\\"text\\\":\\\"     z    <-->   ⨅\\\"}
              ]\"
            ],
            title:Redstone,
            author:Unknown,
            display:{Lore:[\"Found in the ancient Stronghold\"]}
            }"},
            {
              "function": "minecraft:set_name",
              "name": "对照表",
              "add": false
            }
          ]
        },
        {
          "type": "minecraft:item",
          "weight": 1,
          "name": "minecraft:written_book",
          "functions": [
            {
              "function":"set_nbt",
        "tag":"{
          pages:[
              \"[
                \\\"\\\",
                {\\\"text\\\":\\\"§l地下耕作\n\n\\\"},
                {\\\"text\\\":\\\"自从迁移到地下后，我们就需要在地下种植农产品，为我们的人民提供食物。\\\"},
                {\\\"text\\\":\\\"在这里生活的数百年间，我们一直在完善地下耕作技术。\\\"}
              ]\",
              \"[
                {\\\"text\\\":\\\"传统的农业生产需要水和阳光，而这两者在地下都可能成为问题。\\\"},
                {\\\"text\\\":\\\"为了给农作物补充充足的水分，我们建造了流体储罐和管道，\\\"},
                {\\\"text\\\":\\\"将水从周围的含水洞穴中输送到我们的农田里。\\\"}
              ]\",
              \"[
                {\\\"text\\\":\\\"这些管道通常由铜制成，操作时需要应力。\n\\\"},
                {\\\"text\\\":\\\"阳光问题比水更容易解决。 \\\"},
                {\\\"text\\\":\\\"灯具等光源的安装为农作物提供了适当的加热和照明。\\\"}
              ]\"
            ],
            title:Farming,
            author:Unknown,
            display:{Lore:[\"Found in the ancient Stronghold\"]}
            }"},
            {
              "function": "minecraft:set_name",
              "name": "地下耕作手册",
              "add": false
            }
          ]
        },
        {
          "type": "minecraft:item",
          "weight": 1,
          "name": "minecraft:written_book",
          "functions": [
            {
              "function":"set_nbt",
        "tag":"{
          pages:[
              \"[
                \\\"\\\",
                {\\\"text\\\":\\\"§l傻瓜式红石\n\\\"},
                {\\\"text\\\":\\\"§l作者：\\\"},
                {\\\"text\\\":\\\"§kREDACTED\n\n\\\"},
                {\\\"text\\\":\\\"嘿，傻瓜们！你想学习如何使用红石\\\"},
                {\\\"text\\\":\\\"制作奇妙的装置吗？你来对地方了！\\\"}
              ]\",
              \"[
                {\\\"text\\\":\\\"开采红石矿可以获得红石粉。\\\"},
                {\\\"text\\\":\\\"你可以把这些红石粉当作电线铺在地面上，把它放置在拉杆或门边，\\\"},
                {\\\"text\\\":\\\"还可以把它制作成火把和中继器\\\"},
                {\\\"text\\\":\\\"来制造机器。 \\\"}
              ]\",
              \"[
                {\\\"text\\\":\\\"无论你想要一个能同时触发两个开关的拉杆、一个密码锁，还是一个更复杂的电路，\\\"},
                {\\\"text\\\":\\\"你都可以通过巧妙地排列红石粉来建造它。\n\n\\\"},
                {\\\"text\\\":\\\"这就是你需要了解的红石知识！祝你在红石设计中玩得开心！\\\"}
              ]\"
            ],
            title:Redstone,
            author:Unknown,
            display:{Lore:[\"Found in the ancient Stronghold\"]}
            }"},
            {
              "function": "minecraft:set_name",
              "name": "傻瓜式红石",
              "add": false
            }
          ]
        },
        {
          "type": "minecraft:item",
          "weight": 1,
          "name": "minecraft:written_book",
          "functions": [
            {
              "function":"set_nbt",
        "tag":"{
          pages:[
              \"[
                \\\"\\\",
                {\\\"text\\\":\\\"§l附魔：全历史\n\\\"},
                {\\\"text\\\":\\\"§l作者：\\\"},
                {\\\"text\\\":\\\"§kREDACTED\n\n\\\"},
                {\\\"text\\\":\\\"附魔是一种魔法行为，用于增强我们的工具、武器和盔甲。 \\\"},
                {\\\"text\\\":\\\"附魔不仅能赋予物品新的功能\\\"},
                {\\\"text\\\":\\\"，还能将其现有能力提升到一个全新的水平。\\\"}
              ]\",
              \"[
                {\\\"text\\\":\\\"附魔就是在这个要塞中被发现并完善的。 \\\"},
                {\\\"text\\\":\\\"在附魔台附魔一件物品。\\\"},
                {\\\"text\\\":\\\"你有越多的知识和经验，物品就可以获得越强力的附魔。\\\"}
              ]\",
              \"[
                {\\\"text\\\":\\\"通过附魔的语言，掌握附魔的魔法。\\\"},
                {\\\"text\\\":\\\"在大图书馆里就能找到它与普通话之间的直接翻译指南！\\\"}
              ]\"
            ],
            title:Enchanting,
            author:Unknown,
            display:{Lore:[\"Found in the ancient Stronghold\"]}
            }"},
            {
              "function": "minecraft:set_name",
              "name": "附魔：全历史",
              "add": false
            }
          ]
        },
        {
          "type": "minecraft:item",
          "weight": 1,
          "name": "minecraft:written_book",
          "functions": [
            {
              "function":"set_nbt",
        "tag":"{
          pages:[
              \"[
                \\\"\\\",
                {\\\"text\\\":\\\"§kREDACTED的 \\\"},
                {\\\"text\\\":\\\"§l建筑与设计指南\n\n\\\"},
                {\\\"text\\\":\\\"建筑与设计是我们人民的骄傲。 \\\"},
                {\\\"text\\\":\\\"我们的使命是在我们的建筑中创造细致复杂的设计，在全世界创造奇迹。\\\"}
              ]\",
              \"[
                {\\\"text\\\":\\\"在这本指南中，我将向你传授具体的技巧，以及在建筑和设计艺术方面取得卓越成就时需要注意的事项。\\\"}
              ]\",
              \"[
                {\\\"text\\\":\\\"§l通过深度展现细节\n\\\"},
                {\\\"text\\\":\\\"深度是实现建筑细节的最佳方法之一。深度可以将石头或木盒变为华丽而独特的东西。 \\\"},
                {\\\"text\\\":\\\"增加纵深的方法包括将部分墙体后移或前移， \\\"}
              ]\",
              \"[
                {\\\"text\\\":\\\"增加柱子、拱门、墙壁、楼梯和台阶。你很少会有太多的深度。如果一面墙或建筑的一部分看起来很乏味，首先应该尝试增加深度。\\\"},
                {\\\"text\\\":\\\"墙壁周围的楼梯和台阶纹饰可以帮助打破这种感觉。还可以通过纹饰增加深度的错觉。\\\"}
              ]\",
              \"[
                {\\\"text\\\":\\\"纹饰是指在建筑底部、顶部甚至中间的方块线条。 \\\"},
                {\\\"text\\\":\\\"如果底部颜色较深，就会产生阴影的错觉，让人感觉更细致，不那么平淡无奇。\\\"}
              ]\",
              \"[
                {\\\"text\\\":\\\"§l渐变\n\\\"},
                {\\\"text\\\":\\\"另一种让你的作品独特而有趣的方法是渐变。渐变是一种从一种颜色慢慢过渡到另一种颜色的混合颜色。\\\"},
                {\\\"text\\\":\\\"从黑石到深板岩再到普通石头混合形成的渐变就是一个例子。\\\"}
              ]\",
              \"[
                {\\\"text\\\":\\\"您还可以使用更多色彩渐变。尝试制作自己的渐变色，我觉得在制作中尝试使用更独特的渐变色超级有趣！\\\"}
              ]\",
              \"[
                {\\\"text\\\":\\\"§l观众视线\n\\\"},
                {\\\"text\\\":\\\"在制作过程中，有一件非常重要的事情需要牢记，那就是观众视线。观众会从哪里进入建筑？\\\"},
                {\\\"text\\\":\\\"他们首先会看到什么？什么能脱颖而出，吸引他们的注意？\\\"}
              ]\",
              \"[
                {\\\"text\\\":\\\"在规划建造和布局时考虑到这一点，可以将房子从建筑升格为艺术品。\\\"}
              ]\"
            ],
            title:Architecture,
            author:Unknown,
            display:{Lore:[\"Found in the ancient Stronghold\"]}
            }"},
            {
              "function": "minecraft:set_name",
              "name": "建筑与设计",
              "add": false
            }
          ]
        },
        {
          "type": "minecraft:item",
          "weight": 1,
          "name": "minecraft:written_book",
          "functions": [
            {
              "function":"set_nbt",
        "tag":"{
          pages:[
              \"[
                \\\"\\\",
                {\\\"text\\\":\\\"§l晶洞和刚玉\n\\\"},
                {\\\"text\\\":\\\"作者：§kREDACTED\n\\\"},
                {\\\"text\\\":\\\"晶洞和刚玉是在洞穴中发现的发光的彩色岩石，具有神奇的特性。在这篇文章中，我们将研究它们各自的特性。\\\"}
              ]\",
              \"[
                {\\\"text\\\":\\\"§l晶洞\n\\\"},
                {\\\"text\\\":\\\"晶洞是在地下发现的球形岩石。它们通常有三层。外层由深灰色光滑的玄武岩组成。 \\\"},
                {\\\"text\\\":\\\"第二层由白色岩石方解石构成。最后一层是紫色宝石：紫水晶。\\\"}
              ]\",
              \"[
                {\\\"text\\\":\\\"紫水晶是一种紫色的发光晶体，能长出紫水晶簇。紫水晶簇在发芽后会逐渐变大。\\\"},
                {\\\"text\\\":\\\"紫水晶最有趣的特性之一就是它们的声音。当与它们互动时，它们会发出非常令人满意的声音。\\\"}
              ]\",
              \"[
                {\\\"text\\\":\\\"紫水晶还可以用作制作材料。制作成透镜后，可以用来放大物体。 \\\"},
                {\\\"text\\\":\\\"这种透镜通常用于制作望远镜。\\\"}
              ]\",
              \"[
                {\\\"text\\\":\\\"§l刚玉\n\\\"},
                {\\\"text\\\":\\\"刚玉是洞穴中随处可见的彩色晶体。它们几乎可以是任何颜色。在自然状态下，它们会迅速扩散和生长。\\\"},
                {\\\"text\\\":\\\"可以通过涂蜡来避免这种情况。\\\"}
              ]\",
              \"[
                {\\\"text\\\":\\\"它们可以和符文合成来为符文染色。而符文可以改变附魔光效的颜色。\\\"}
              ]\"
            ],
            title:Geodes,
            author:Unknown,
            display:{Lore:[\"Found in the ancient Stronghold\"]}
            }"},
            {
              "function": "minecraft:set_name",
              "name": "晶洞和刚玉",
              "add": false
            }
          ]
        },
        {
          "type": "minecraft:item",
          "weight": 1,
          "name": "minecraft:written_book",
          "functions": [
            {
              "function":"set_nbt",
        "tag":"{
          pages:[
              \"[
                \\\"\\\",
                {\\\"text\\\":\\\"§l十万个为什么：钓鱼\n\\\"},
                {\\\"text\\\":\\\"§l作者：\\\"},
                {\\\"text\\\":\\\"§kREDACTED\n\n\\\"},
                {\\\"text\\\":\\\"在这本书中，我将指导你最佳的钓鱼策略，并介绍不同的钓鱼方式。 \\\"},
                {\\\"text\\\":\\\"我们将在本指南中介绍刺钓和竿钓。\\\"}
              ]\",
              \"[
                {\\\"text\\\":\\\"§l竿钓\n\\\"},
                {\\\"text\\\":\\\"钓竿钓鱼的第一步是获得一根钓竿。\\\"},
                {\\\"text\\\":\\\"它们的制作非常简单，只需要木棍和线。\\\"},
                {\\\"text\\\":\\\"拿到钓竿后，将其投向水里。您几乎可以向任何大小的水域抛竿，甚至可以从船上抛竿。\\\"}
              ]\",
              \"[
                {\\\"text\\\":\\\"接下来，等待鱼儿上钩。当气泡开始向你的浮标移动时，你就能判断出鱼正在靠近。\\\"},
                {\\\"text\\\":\\\"当浮标沉入水下时，将钓竿挑起，然后将鱼抓过来！\\\"}
              ]\",
              \"[
                {\\\"text\\\":\\\"用钓竿钓鱼并不总是最可靠的，但你可以钓到从皮靴到魔法书的任何东西。\\\"},
                {\\\"text\\\":\\\"这就是钓竿钓鱼的魅力所在。你永远不知道会钓到什么！\\\"}
              ]\",
              \"[
                {\\\"text\\\":\\\"§l刺钓\n\\\"},
                {\\\"text\\\":\\\"刺钓是最有效的钓法，但比竿钓困难得多。\\\"},
                {\\\"text\\\":\\\"你必须是个游泳健将，能屏住呼吸，擅长使用剑或其他锋利的武器。\\\"},
                {\\\"text\\\":\\\" 它本质上就是它的名字：用剑把鱼给刺死。\\\"}
              ]\",
              \"[
                {\\\"text\\\":\\\"鱼通常比你游得更快，所以诀窍在于出其不意地抓住它们。\\\"},
                {\\\"text\\\":\\\"要做到这一点，你可以在水面上跳向它们，或者在水下保持极度静止，等待它们靠近。\\\"},
                {\\\"text\\\":\\\"这种捕鱼方法非常危险，随时都有溺水的危险。\\\"}
              ]\"
            ],
            title:Fishing,
            author:Unknown,
            display:{Lore:[\"Found in the ancient Stronghold\"]}
            }"},
            {
              "function": "minecraft:set_name",
              "name": "十万个为什么：钓鱼",
              "add": false
            }
          ]
        },
        {
          "type": "minecraft:item",
          "weight": 1,
          "name": "minecraft:written_book",
          "functions": [
            {
              "function":"set_nbt",
        "tag":"{
          pages:[
              \"[
                \\\"\\\",
                {\\\"text\\\":\\\"§kREDACTED\\\"},
                {\\\"text\\\":\\\"§l的下界生物向导\n\n\\\"},
                {\\\"text\\\":\\\"下界是我们这个空间之下的一个维度，充满了火焰、熔岩以及一切炙热和危险的东西。\\\"},
                {\\\"text\\\":\\\"这里的居民必须适应这种岌岌可危的环境。\\\"}
              ]\",
              \"[
                {\\\"text\\\":\\\"在发明了下界传送门之后，我们最近才刚刚接触到这个维度。\n\n\\\"}
              ]\",
              \"[
                {\\\"text\\\":\\\"§l下界传送门\n\n\\\"},
                {\\\"text\\\":\\\"下界传送门是一个有着紫色光芒的空心矩形黑曜石门。\\\"},
                {\\\"text\\\":\\\"一旦用打火石或者火焰弹点燃，它就会被激活。\\\"},
                {\\\"text\\\":\\\"激活之后，当一个实体穿过这个传送门，它会被传送到下界维度。\\\"}
              ]\",
              \"[
                {\\\"text\\\":\\\"§l猪灵\n\n\\\"},
                {\\\"text\\\":\\\"猪灵是一种在下界居住的一种可以走路的猪。他们喜欢下界荒地和绯红森林这类的群系。 \\\"},
                {\\\"text\\\":\\\"他们非常看重黄金，并且如果你没有穿着任何金甲，他们就会以你为敌。\\\"},
                {\\\"text\\\":\\\"另外，如果他们附近的箱子被打开了，他们会守护他们的物品并且攻击你。\\\"}
              ]\",
              \"[
                {\\\"text\\\":\\\"他们是相当聪明的物种，在下界各处建造了巨大的黑石堡垒。\\\"},
                {\\\"text\\\":\\\"为了每个人的利益，我们必须继续尊重地对待他们。\\\"}
              ]\",
              \"[
                {\\\"text\\\":\\\"§l疣猪兽\n\n\\\"},
                {\\\"text\\\":\\\"疣猪兽是一种大型的类似于猪的动物。它们对几乎任何东西都是敌对的。\\\"},
                {\\\"text\\\":\\\"然而，它们不会攻击猪灵。\\\"},
                {\\\"text\\\":\\\"在下界，它们是很好的肉和皮革的来源。\\\"}
              ]\",
              \"[
                {\\\"text\\\":\\\"§l岩浆怪\n\n\\\"},
                {\\\"text\\\":\\\"岩浆怪是一种黏糊糊的团状生物，可以在玄武岩三角洲群系找到。\\\"},
                {\\\"text\\\":\\\"一旦被击杀，它们会分裂成更小的岩浆怪。\\\"},
                {\\\"text\\\":\\\"它们是敌对的，但最小的岩浆怪无法造成任何伤害。它们的精华是一种宝贵的药剂原料。\\\"}
              ]\",
              \"[
                {\\\"text\\\":\\\"§l炽足兽\n\n\\\"},
                {\\\"text\\\":\\\"炽足兽是一种在下界岩浆湖附近出现的被动生物。 \\\"},
                {\\\"text\\\":\\\"他们拥有在熔岩上行走的惊人能力。也许可以利用这种能力在这个炽热的维度中旅行。\\\"}
              ]\",
              \"[
                {\\\"text\\\":\\\"§l恶魂\n\n\\\"},
                {\\\"text\\\":\\\"恶魂是一种飞行着的，不停尖叫的，代表着炽热的死亡和破坏的方形生物。它们会出现在下界荒地和灵魂沙峡谷。\\\"},
                {\\\"text\\\":\\\"如果你在手里没有远程武器的时候遇见了它们，赶紧跑吧。\\\"}
              ]\",
              \"[
                {\\\"text\\\":\\\"如果你能完成收集其眼泪的艰巨任务，据说它们拥有许多神奇的能力。\\\"}
              ]\",
              \"[
                {\\\"text\\\":\\\"§l游魂\n\n\\\"},
                {\\\"text\\\":\\\"游魂是一种在灵魂沙峡谷的悬浮着的半透明生物。\\\"},
                {\\\"text\\\":\\\"据说，它们是某些生物的\\\"},
                {\\\"text\\\":\\\"§k转世\\\"},
                {\\\"text\\\":\\\" ，因为它们有着类似的叫声。\\\"}
              ]\",
              \"[
                {\\\"text\\\":\\\"§l猎狐犬\n\n\\\"},
                {\\\"text\\\":\\\"猎狐犬是一种广泛存在于下界维度的狼一样的生物。\\\"},
                {\\\"text\\\":\\\"它们通常是敌对的。但是如果有抗火和煤炭，它们也可以被驯服。\\\"}
              ]\",
              \"[
                {\\\"text\\\":\\\"§k灵魂鹫\n\n\\\"},
                {\\\"text\\\":\\\"§k灵魂鹫是在下界灵魂沙峡谷里出没的死去已久的鸟类的枯萎残骸。\\\"},
                {\\\"text\\\":\\\"§k可以看到这些不死的鸟盘旋在散落在大地上的那些巨大枯骨上。\\\"}
              ]\",
              \"[
                {\\\"text\\\":\\\"§k骨蟒\n\n\\\"},
                {\\\"text\\\":\\\"§k这种长的蛇形生物是由骨头组成的，并且有着红色的眼睛。\\\"},
                {\\\"text\\\":\\\"§k可以偶尔看见它从熔岩中跳出，然后又钻回熔岩消失不见。\\\"}
              ]\",
              \"[
                {\\\"text\\\":\\\"§k凋零骷髅\n\n\\\"},
                {\\\"text\\\":\\\"§k凋零骷髅是骷髅的更高黑色变种，并装备着石剑。\\\"},
                {\\\"text\\\":\\\"§k它们只能在下界堡垒中被找到。\\\"}
              ]\"
            ],
            title:Nether,
            author:Unknown,
            display:{Lore:[\"Found in the ancient Stronghold\"]}
            }"},
            {
              "function": "minecraft:set_name",
              "name": "下界的生物",
              "add": false
            }
          ]
        },
        {
          "type": "minecraft:item",
          "weight": 1,
          "name": "minecraft:written_book",
          "functions": [
            {
              "function":"set_nbt",
        "tag":"{
          pages:[
              \"[
                \\\"\\\",
                {\\\"text\\\":\\\"§kREDACTED\\\"},
                {\\\"text\\\":\\\"§l的亡灵指南\n\n\\\"},
                {\\\"text\\\":\\\"亡灵是一种充满敌意和威胁的生物，\\\"},
                {\\\"text\\\":\\\"它们潜伏在黑暗的洞穴、黑夜甚至天空中。\\\"},
                {\\\"text\\\":\\\"如果你看到一个亡灵，而你又没有足够的武器，那就跑吧，不要回头。\\\"}
              ]\",
              \"[
                {\\\"text\\\":\\\"§l僵尸\n\n\\\"},
                {\\\"text\\\":\\\"僵尸是通常成群结队的常见怪物。由于具有传染性，僵尸有多种变种。\\\"},
                {\\\"text\\\":\\\"据说，它们是\\\"},
                {\\\"text\\\":\\\"§k古代生物\\\"},
                {\\\"text\\\":\\\"通过巫术复活后的遗骸。\\\"}
              ]\",
              \"[
                {\\\"text\\\":\\\"由于僵尸具有传染性，人们一直在讨论开发一种治疗方法，但迄今为止还没有任何成功的案例。\\\"},
                {\\\"text\\\":\\\"以下是我们目前已知的僵尸种类，可能还有其他一些尚未被发现。\\\"}
              ]\",
              \"[
                {\\\"text\\\":\\\"§n普通僵尸\\\"},
                {\\\"text\\\":\\\"从黑暗中出现，并且会攻击\\\"},
                {\\\"text\\\":\\\"§kREDACTED\\\"},
                {\\\"text\\\":\\\" 和 \\\"},
                {\\\"text\\\":\\\"§kREDACTED\\\"},
                {\\\"text\\\":\\\"。 它们偶尔会装备有盔甲和武器。另外，它们可以破坏门。\\\"},
                {\\\"text\\\":\\\"虽然它们伤害很高，但是它们速度相当慢，并且很容易保持距离来解决掉。\\\"}
              ]\",
              \"[
                {\\\"text\\\":\\\"§n小僵尸\\\"},
                {\\\"text\\\":\\\"是普通僵尸的变种，并且速度明显更快。它们可以穿过一格高的空间。\\\"},
                {\\\"text\\\":\\\"有时它们会骑着鸡，这将让它们可以从高空缓降。 \\\"},
                {\\\"text\\\":\\\"它们特别烦人且恶心。\\\"}
              ]\",
              \"[
                {\\\"text\\\":\\\"§n尸壳\\\"},
                {\\\"text\\\":\\\"是沙漠群系中的僵尸。它们和普通僵尸非常相似，\\\"},
                {\\\"text\\\":\\\"但是一旦被它们攻击，受害者会非常饥饿。\\\"}
              ]\",
              \"[
                {\\\"text\\\":\\\"§n溺尸\\\"},
                {\\\"text\\\":\\\"是在水下的僵尸。它们有时候带着铜锭、鹦鹉螺壳，偶尔带着三叉戟。 \\\"},
                {\\\"text\\\":\\\"获得三叉戟的唯一已知方法就是杀死它们。如果僵尸和尸壳长时间浸泡在水中，\\\"},
                {\\\"text\\\":\\\"它们就会转化为溺尸。\\\"}
              ]\",
              \"[
                {\\\"text\\\":\\\"§n僵尸马\\\"},
                {\\\"text\\\":\\\" §k僵尸马相当于马的僵尸版。和僵尸一样，僵尸马也是绿色皮肤，眼睛是全黑的。 \\\"},
                {\\\"text\\\":\\\"§k驯服并套上马鞍的僵尸马可以作为世界上最快的交通工具之一。它们还可以用来爬山和跳过栅栏。\\\"}
              ]\",
              \"[
                {\\\"text\\\":\\\"§l骷髅\n\n\\\"},
                {\\\"text\\\":\\\"就像僵尸一样，据说，骷髅也是\\\"},
                {\\\"text\\\":\\\"§k古代生物\\\"},
                {\\\"text\\\":\\\"通过巫术复活后的遗骸。但和僵尸不同的是，它们没有传染性。在我们的世界中，已知的骷髅变种只有2种。\\\"}
              ]\",
              \"[
                {\\\"text\\\":\\\"§n普通骷髅\\\"},
                {\\\"text\\\":\\\"从黑暗中出现，并且会攻击\\\"},
                {\\\"text\\\":\\\"§kREDACTED\\\"},
                {\\\"text\\\":\\\".它们通常携带弓箭，会从远处射击，但如果给它们一把剑，他们也会去使用。\\\"},
                {\\\"text\\\":\\\"虽然它们很烦人，但可以用盾牌挡住它们的箭。\\\"}
              ]\",
              \"[
                {\\\"text\\\":\\\"§n流浪者\\\"},
                {\\\"text\\\":\\\"是骷髅在寒冷地带的变种。\\\"},
                {\\\"text\\\":\\\"它们携带的是缓慢之箭，而不是普通的箭。遇到它们时要格外小心。\\\"}
              ]\",
              \"[
                {\\\"text\\\":\\\"§n骷髅马\\\"},
                {\\\"text\\\":\\\"非常神秘，并且仅在雷暴天气才有人看见过。\\\"},
                {\\\"text\\\":\\\"如果有人靠近它，骷髅马陷阱就会触发。\\\"},
                {\\\"text\\\":\\\"通常来说，会出现4个骷髅骑士骑着骷髅马，\\\"},
                {\\\"text\\\":\\\"并且穿着附魔装备。\\\"}
              ]\",
              \"[
                {\\\"text\\\":\\\"§k骨蟒\n\n\\\"},
                {\\\"text\\\":\\\"§k这种长的蛇形生物是由骨头组成的，并且有着红色的眼睛。\\\"},
                {\\\"text\\\":\\\"§k可以偶尔看见它从熔岩中跳出，然后又钻回熔岩消失不见。\\\"}
              ]\",
              \"[
                {\\\"text\\\":\\\"§k凋零骷髅\n\n\\\"},
                {\\\"text\\\":\\\"§k凋零骷髅是骷髅的更高黑色变种，并装备着石剑。\\\"},
                {\\\"text\\\":\\\"§k它们只能在下界堡垒中被找到。\\\"}
              ]\"
            ],
            title:Undead,
            author:Unknown,
            display:{Lore:[\"Found in the ancient Stronghold\"]}
            }"},
            {
              "function": "minecraft:set_name",
              "name": "亡灵指南",
              "add": false
            }
          ]
        },
        {
          "type": "minecraft:item",
          "weight": 1,
          "name": "minecraft:written_book",
          "functions": [
            {
              "function":"set_nbt",
        "tag":"{
          pages:[
              \"[
                \\\"\\\",
                {\\\"text\\\":\\\"§kREDACTED\\\"},
                {\\\"text\\\":\\\"§l的日记\n第231天\n\n\\\"},
                {\\\"text\\\":\\\"深夜，当我在大图书馆的角落里研究附魔时，\\\"},
                {\\\"text\\\":\\\"我看到其他研究人员从壁炉里面走出来。\\\"},
                {\\\"text\\\":\\\"我很困惑。\\\"}
              ]\",
              \"[
                {\\\"text\\\":\\\"我躲在书架后面，这样他们就不会发现我。\\\"},
                {\\\"text\\\":\\\"从那之后，我就一直试图弄明白他们是怎么进去的。\\\"},
                {\\\"text\\\":\\\"我不知道这是否与写有附魔语言的告示牌下面的拉杆有关。\\\"}
              ]\"
            ],
            title:Journal,
            author:Unknown,
            display:{Lore:[\"Found in the ancient Stronghold\"]}
            }"},
            {
              "function": "minecraft:set_name",
              "name": "神秘日记 #3",
              "add": false
            }
          ]
        },
        {
          "type": "minecraft:item",
          "weight": 1,
          "name": "minecraft:written_book",
          "functions": [
            {
              "function":"set_nbt",
        "tag":"{
          pages:[
              \"[
                \\\"\\\",
                {\\\"text\\\":\\\"§kREDACTED\\\"},
                {\\\"text\\\":\\\"§l的日记\n第294天\n\n\\\"},
                {\\\"text\\\":\\\"我已经好几个月没有看到或听到研究员们的消息了，\\\"},
                {\\\"text\\\":\\\"他们一定在研究什么。\\\"},
                {\\\"text\\\":\\\"我听说这和小行星有关。\\\"}
              ]\"
            ],
            title:Journal,
            author:Unknown,
            display:{Lore:[\"Found in the ancient Stronghold\"]}
            }"},
            {
              "function": "minecraft:set_name",
              "name": "神秘日记 #4",
              "add": false
            }
          ]
        },
        {
          "type": "minecraft:item",
          "weight": 1,
          "name": "minecraft:written_book",
          "functions": [
            {
              "function":"set_nbt",
        "tag":"{
          pages:[
              \"[
                \\\"\\\",
                {\\\"text\\\":\\\"§l小行星\n\n\\\"},
                {\\\"text\\\":\\\"在建完要塞，开启地下生活的第 11 天，\\\"},
                {\\\"text\\\":\\\"一块从天而降的石头穿过地面，砸进了我们的餐厅。\\\"},
                {\\\"text\\\":\\\"它呈淡淡的黄绿色，表面布满了坑洞。\\\"}
              ]\",
              \"[
                {\\\"text\\\":\\\"它是在深夜11:18砸进来的。\\\"},
                {\\\"text\\\":\\\"很多附近的\\\"},
                {\\\"text\\\":\\\"§kREDACTED\\\"},
                {\\\"text\\\":\\\"都被噪音吵醒了，并过来查看情况。\\\"},
                {\\\"text\\\":\\\"所有靠近它的人都看到了他们认为是来自未来的幻象。 \\\"},
                {\\\"text\\\":\\\"他们都看到了同样的景象。那是一条威武的巨龙，在天空中飞翔。\\\"}
              ]\",
              \"[
                {\\\"text\\\":\\\"接下来发生了什么，还有待商榷。有些人认为他们只看到了这些。 \\\"},
                {\\\"text\\\":\\\"还有人认为，他们还看到了巨龙帮助他们建立了一个更美好的世界。\\\"},
                {\\\"text\\\":\\\"他们到底看到了什么，这个谜团可能永远也无法解开。\\\"}
              ]\",
              \"[
                {\\\"text\\\":\\\"他们中的一些人后来写下了《龙之圣经》，并对“至高无上者”顶礼膜拜。\\\"},
                {\\\"text\\\":\\\"他们相信“至高无上者”或“龙”会帮助他们实现“末地”或更高的形态。\\\"}
              ]\",
              \"[
                {\\\"text\\\":\\\"从那时起，我们之间出现了巨大的分歧，\\\"},
                {\\\"text\\\":\\\"我们是否应该相信这些幻象并遵循龙之圣经？\\\"},
                {\\\"text\\\":\\\"小行星被信徒们带走做进一步研究。他们不会向非信徒透露具体位置。\\\"}
              ]\"
            ],
            title:Asteroid,
            author:CraisinLord,
            display:{Lore:[\"Found in the ancient Stronghold\"]}
            }"},
            {
              "function": "minecraft:set_name",
              "name": "小行星",
              "add": false
            }
          ]
        },
        {
          "type": "minecraft:item",
          "weight": 2,
          "name": "minecraft:written_book",
          "functions": [
            {
              "function":"set_nbt",
        "tag":"{
          pages:[
              \"[
                \\\"\\\",
                {\\\"text\\\":\\\"§l圣经\n\n\\\"},
                {\\\"text\\\":\\\"我们有一个目标：\n\\\"},
                {\\\"text\\\":\\\"通过建筑\n\\\"},
                {\\\"text\\\":\\\"来为世界\n\\\"},
                {\\\"text\\\":\\\"注入美丽和活力。\n\\\"},
                {\\\"text\\\":\\\"我们目前的\n\\\"},
                {\\\"text\\\":\\\"形态\n\\\"},
                {\\\"text\\\":\\\"限制了我们实现想象的能力。\n\\\"},
                {\\\"text\\\":\\\"为了最大程度的开发我们的潜能，\n\\\"},
                {\\\"text\\\":\\\"我们必须\n\\\"},
                {\\\"text\\\":\\\"达到\\\"},
                {\\\"text\\\":\\\"§o末地 \\\"},
                {\\\"text\\\":\\\"形态。\\\"}
              ]\",
              \"[
                {\\\"text\\\":\\\"§o末地 \\\"},
                {\\\"text\\\":\\\"形态是我们进化的下个阶段。\n\n\\\"},
                {\\\"text\\\":\\\"我们的潜能将被完全激发。 \\\"},
                {\\\"text\\\":\\\"我们的凡躯将不能束缚我们，我们将可以随心所欲的建造。\\\"},
                {\\\"text\\\":\\\"§o末地 \\\"},
                {\\\"text\\\":\\\"将它带给我们的是\\\"},
                {\\\"text\\\":\\\"§o至高无上者。\\\"},
                {\\\"text\\\":\\\"她需要我们，需要她的追随者，来实现她的目标。\\\"}
              ]\",
              \"[
                {\\\"text\\\":\\\"有了我们的帮助，\n\n\\\"},
                {\\\"text\\\":\\\"§o至高无上者\\\"},
                {\\\"text\\\":\\\"将会熄灭森林的大火...\n\n\\\"},
                {\\\"text\\\":\\\"她将终结所有的饥荒...\n\n\\\"},
                {\\\"text\\\":\\\"她将拯救那些生病和贫穷的人...\\\"}
              ]\",
              \"[
                {\\\"text\\\":\\\"她会阻止\n\\\"},
                {\\\"text\\\":\\\"§kundead\\\"},
                {\\\"text\\\":\\\"的崛起...\n\n\\\"},
                {\\\"text\\\":\\\"她会将我们带到新的高度。\n\n\\\"},
                {\\\"text\\\":\\\"我们会一同将这个世界变成所有人的避难所，\\\"},
                {\\\"text\\\":\\\"远离暴力，远离苦难，远离\\\"},
                {\\\"text\\\":\\\"§kREDACTED\\\"}
              ]\",
              \"[
                {\\\"text\\\":\\\"§n我们知晓这些。\n\n\\\"},
                {\\\"text\\\":\\\"§o我们已经从天上的石头里预见了这一切。\\\"}
              ]\",
              \"[
                {\\\"text\\\":\\\"§o她在等待着我们。\n\n\\\"},
                {\\\"text\\\":\\\"§o她用雷鸣般的吼声等待着我们。\n\n\\\"},
                {\\\"text\\\":\\\"§o她用神奇的呼吸等待着我们。\n\n\\\"},
                {\\\"text\\\":\\\"§o她在高空飞翔，等待着我们。\\\"}
              ]\",
              \"[
                {\\\"text\\\":\\\"我们会找到她的。\\\"}
              ]\"
            ],
            title:Scripture,
            author:Priest,
            display:{Lore:[\"Found in the ancient Stronghold\"]}
            }"},
            {
              "function": "minecraft:set_name",
              "name": "龙之圣经",
              "add": false
            }
          ]
        },
        {
          "type": "minecraft:item",
          "weight": 1,
          "name": "minecraft:written_book",
          "functions": [
            {
              "function":"set_nbt",
        "tag":"{
          pages:[
              \"[
                \\\"\\\",
                {\\\"text\\\":\\\"§l我们 \\\"},
                {\\\"text\\\":\\\"§kREDACTED\\\"},
                {\\\"text\\\":\\\"§l人们的:\n\\\"},
                {\\\"text\\\":\\\"§l全历史\n\n\\\"},
                {\\\"text\\\":\\\"我们是\n\\\"},
                {\\\"text\\\":\\\"狩猎和采集食物的\\\"},
                {\\\"text\\\":\\\"§kREDACTED\n\\\"},
                {\\\"text\\\":\\\"旅行者的\n\\\"},
                {\\\"text\\\":\\\"远古种族。\n\\\"},
                {\\\"text\\\":\\\"最终，\n\\\"},
                {\\\"text\\\":\\\"我们定居了下来，\n\\\"},
                {\\\"text\\\":\\\"并开始种植\n\\\"},
                {\\\"text\\\":\\\"诸如小麦、胡萝卜、\n\\\"},
                {\\\"text\\\":\\\"土豆等\n\\\"},
                {\\\"text\\\":\\\"的农作物\\\"},
                {\\\"text\\\":\\\"。\\\"}
              ]\",
              \"[
                {\\\"text\\\":\\\"这给了我们新的\n\\\"},
                {\\\"text\\\":\\\"用来建造的时间。\n\\\"},
                {\\\"text\\\":\\\"我们的激情就是\n\\\"},
                {\\\"text\\\":\\\"建造，\n\\\"},
                {\\\"text\\\":\\\"是它造就了我们。\n\\\"},
                {\\\"text\\\":\\\"我们建造的城市\n\\\"},
                {\\\"text\\\":\\\"绵延\n\\\"},
                {\\\"text\\\":\\\"数百个方块。\n\\\"},
                {\\\"text\\\":\\\"我们繁荣昌盛。\n\n\\\"},
                {\\\"text\\\":\\\"然而当\n\\\"},
                {\\\"text\\\":\\\"§kREDACTED\\\"},
                {\\\"text\\\":\\\"到来时，\\\"},
                {\\\"text\\\":\\\"一切都变了。\\\"}
              ]\",
              \"[
                {\\\"text\\\":\\\"那些\\\"},
                {\\\"text\\\":\\\"§kREDACTED\\\"},
                {\\\"text\\\":\\\"迫使\n\\\"},
                {\\\"text\\\":\\\"我们逃亡。\n\\\"},
                {\\\"text\\\":\\\"他们烧了我们的城市和田地，\n\\\"},
                {\\\"text\\\":\\\"他们摧毁了我们的家园。\n\\\"},
                {\\\"text\\\":\\\"这就是为什么\n\\\"},
                {\\\"text\\\":\\\"我们建造了这个\n\\\"},
                {\\\"text\\\":\\\"强大的要塞。\n\\\"},
                {\\\"text\\\":\\\"这是一个埋藏在\n\\\"},
                {\\\"text\\\":\\\"地底的要塞，\n\\\"},
                {\\\"text\\\":\\\"我们希望他们\n\\\"},
                {\\\"text\\\":\\\"永远找不到这里。\n\\\"},
                {\\\"text\\\":\\\"从那之后，\n\\\"},
                {\\\"text\\\":\\\"我们开启了\n\\\"},
                {\\\"text\\\":\\\"在地下的生活。\\\"}
              ]\",
              \"[
                {\\\"text\\\":\\\"我们发展出了一个\n\\\"},
                {\\\"text\\\":\\\"不需要太阳\n\\\"},
                {\\\"text\\\":\\\"或者日光的\n\\\"},
                {\\\"text\\\":\\\"完整社会。\n\\\"},
                {\\\"text\\\":\\\"在要塞里，\n\\\"},
                {\\\"text\\\":\\\"从种植到\\\"},
                {\\\"text\\\":\\\"§kdreaming\n\\\"},
                {\\\"text\\\":\\\"我们\n\\\"},
                {\\\"text\\\":\\\"无所不能做。\n\\\"},
                {\\\"text\\\":\\\"我们的研究员们\n\\\"},
                {\\\"text\\\":\\\"甚至研究出了\n\\\"},
                {\\\"text\\\":\\\"新的科技，\n\\\"},
                {\\\"text\\\":\\\"比如应力\n\\\"},
                {\\\"text\\\":\\\"和\n\\\"},
                {\\\"text\\\":\\\"§k穿梭维度\\\"},
                {\\\"text\\\":\\\"。\\\"}
              ]\",
              \"[
                {\\\"text\\\":\\\"自从那天，\n\\\"},
                {\\\"text\\\":\\\"那颗\\\"},
                {\\\"text\\\":\\\"§k小行星\\\"},
                {\\\"text\\\":\\\"落下之后，\n\\\"},
                {\\\"text\\\":\\\"我们开始\n\\\"},
                {\\\"text\\\":\\\"着眼于天空，\n\\\"},
                {\\\"text\\\":\\\"来寻找至高无上者。\n\\\"},
                {\\\"text\\\":\\\"我们相信有一天，\n\\\"},
                {\\\"text\\\":\\\"我们会和\n\\\"},
                {\\\"text\\\":\\\"至高无上者相会，\n\\\"},
                {\\\"text\\\":\\\"来阻止\\\"},
                {\\\"text\\\":\\\"§kREDACTED\n\\\"},
                {\\\"text\\\":\\\"，并为她的子民\n\\\"},
                {\\\"text\\\":\\\"创造一个更好的\n\\\"},
                {\\\"text\\\":\\\"世界。\\\"}
              ]\"
            ],
            title:History,
            author:CraisinLord,
            display:{Lore:[\"Found in the ancient Stronghold\"]}
            }"},
            {
              "function": "minecraft:set_name",
              "name": "我们人民的历史",
              "add": false
            }
          ]
        }
      ]
    },
    {
      "rolls": {
        "type": "minecraft:uniform",
        "min": 3,
        "max": 10
      },
      "bonus_rolls": 0,
      "entries": [
        {
          "type": "minecraft:item",
          "weight": 25,
          "name": "minecraft:book",
          "functions": [
            {
              "function": "minecraft:set_count",
              "count": {
                "type": "minecraft:uniform",
                "min": 1,
                "max": 3
              },
              "add": false
            }
          ]
        },
        {
          "type": "minecraft:item",
          "weight": 25,
          "name": "minecraft:paper",
          "functions": [
            {
              "function": "minecraft:set_count",
              "count": {
                "type": "minecraft:uniform",
                "min": 2,
                "max": 7
              },
              "add": false
            }
          ]
        },
        {
          "type": "minecraft:item",
          "weight": 5,
          "name": "supplementaries:candle_holder_purple",
          "functions": [
            {
              "function": "minecraft:set_count",
              "count": {
                "type": "minecraft:uniform",
                "min": 2,
                "max": 3
              },
              "add": false
            }
          ]
        },
        {
          "type": "minecraft:item",
          "weight": 5,
          "name": "supplementaries:candle_holder_black",
          "functions": [
            {
              "function": "minecraft:set_count",
              "count": {
                "type": "minecraft:uniform",
                "min": 2,
                "max": 3
              },
              "add": false
            }
          ]
        },
        {
          "type": "minecraft:item",
          "name": "minecraft:map"
        },
        {
          "type": "minecraft:item",
          "name": "minecraft:compass"
        },
        {
          "type": "minecraft:item",
          "name": "supplementaries:statue"
        },
        {
          "type": "minecraft:item",
          "weight": 15,
          "name": "minecraft:book",
          "functions": [
            {
              "function": "minecraft:enchant_with_levels",
              "levels": 20
            }
          ]
        },
        {
          "type": "minecraft:item",
          "weight": 5,
          "name": "minecraft:book",
          "functions": [
            {
              "function": "minecraft:enchant_with_levels",
              "levels": 30,
              "treasure": true
            }
          ]
        },
        {
          "type": "minecraft:item",
          "weight": 5,
          "name": "quark:ancient_tome",
          "functions": [
            {
              "function": "quark:tome_enchant",
              "levels": 10
            }
          ]
        }
      ]
    },
    {
      "rolls": {
        "type": "minecraft:uniform",
        "min": 1,
        "max": 1
      },
      "bonus_rolls": 0,
      "entries": [
        {
          "type": "minecraft:empty",
          "weight": 20
        },
        {
          "type": "minecraft:item",
          "weight": 10,
          "name": "minecraft:writable_book",
          "functions": [
            {
              "function": "minecraft:set_count",
              "count": {
                "type": "minecraft:uniform",
                "min": 1,
                "max": 1
              },
              "add": false
            }
          ]
        },
        {
          "type": "minecraft:item",
          "weight": 5,
          "name": "create:crafting_blueprint",
          "functions": [
            {
              "function": "minecraft:set_count",
              "count": {
                "type": "minecraft:uniform",
                "min": 1,
                "max": 2
              },
              "add": false
            }
          ]
        },
        {
          "type": "minecraft:item",
          "weight": 5,
          "name": "minecraft:painting",
          "functions": [
            {
              "function": "minecraft:set_count",
              "count": {
                "type": "minecraft:uniform",
                "min": 1,
                "max": 1
              },
              "add": false
            }
          ]
        },
        {
          "type": "minecraft:item",
          "weight": 5,
          "name": "quark:abacus",
          "functions": [
            {
              "function": "minecraft:set_count",
              "count": {
                "type": "minecraft:uniform",
                "min": 1,
                "max": 1
              },
              "add": false
            }
          ]
        }
      ]
    }
  ]
}
