{
  "type": "minecraft:chest",
  "pools": [    
    {
      "rolls": {
        "type": "minecraft:uniform",
        "min": 1,
        "max": 1
      },
      "bonus_rolls": 0,
      "entries": [
        {
          "type": "minecraft:empty",
          "weight": 5
        },
        {
          "type": "minecraft:item",
          "weight": 1,
          "name": "minecraft:written_book",
          "functions": [
            {
              "function":"set_nbt",
        "tag":"{
          pages:[
              \"[
                \\\"\\\",
                {\\\"text\\\":\\\"§kREDACTED\\\"},
                {\\\"text\\\":\\\"§l的日记\n\n\\\"},
                {\\\"text\\\":\\\"我沿着魔法之眼的踪迹，来到了这个黑暗而奇妙的要塞。\\\"},
                {\\\"text\\\":\\\"它早已被遗弃，并被亡灵占领。\\\"},
                {\\\"text\\\":\\\"我发现了一些奇怪的古代日志，表明这里曾是一种古代建造者的家园。\\\"}
              ]\",
              \"[
                {\\\"text\\\":\\\"他们有一些信息被\\\"},
                {\\\"text\\\":\\\"模糊的语言所掩盖。\\\"},
                {\\\"text\\\":\\\"不知道是什么黑魔法造成的。\\\"}
              ]\"
            ],
            title:Journal,
            author:Unknown,
            display:{Lore:[\"Found in the ancient Stronghold\"]}
            }"},
            {
              "function": "minecraft:set_name",
              "name": "旅行者的日记 #1",
              "add": false
            }
          ]
        },
        {
          "type": "minecraft:item",
          "weight": 1,
          "name": "minecraft:written_book",
          "functions": [
            {
              "function":"set_nbt",
        "tag":"{
          pages:[
              \"[
                \\\"\\\",
                {\\\"text\\\":\\\"§kREDACTED\\\"},
                {\\\"text\\\":\\\"§l的日记\n\n\\\"},
                {\\\"text\\\":\\\"这个迷宫是这个黑暗要塞中最险恶的地方。\\\"},
                {\\\"text\\\":\\\"我差点被陷阱里的炸弹炸死。我开始失去活着出去的希望了。\\\"},
                {\\\"text\\\":\\\"我要尝试折返，找到来时的路。\\\"}
              ]\",
              \"[
                {\\\"text\\\":\\\"如果你正在读这篇文章，那说明我没有成功。\\\"}
              ]\"
            ],
            title:Journal,
            author:Unknown,
            display:{Lore:[\"Found in the ancient Stronghold\"]}
            }"},
            {
              "function": "minecraft:set_name",
              "name": "旅行者的日记 #2",
              "add": false
            }
          ]
        },
        {
          "type": "minecraft:item",
          "weight": 1,
          "name": "minecraft:written_book",
          "functions": [
            {
              "function":"set_nbt",
        "tag":"{
          pages:[
              \"[
                \\\"\\\",
                {\\\"text\\\":\\\"§kREDACTED\\\"},
                {\\\"text\\\":\\\"§l的日记\n\n\\\"},
                {\\\"text\\\":\\\"曲折和无尽的黑暗空间快把我逼疯了。\\\"},
                {\\\"text\\\":\\\"我只能与黑暗中的怪物战斗这么长时间。 \\\"}
              ]\",
              \"[
                {\\\"text\\\":\\\"这个迷宫可能是我寻找魔法传送门的终点，也是我生命的终点。\\\"}
              ]\"
            ],
            title:Journal,
            author:Unknown,
            display:{Lore:[\"Found in the ancient Stronghold\"]}
            }"},
            {
              "function": "minecraft:set_name",
              "name": "旅行者的日记 #3",
              "add": false
            }
          ]
        }
      ]
    },
    {
      "rolls": 1,
      "bonus_rolls": 1,
      "entries": [
        {
          "type": "minecraft:item",
          "weight": 10,
          "name": "minecraft:golden_apple"
        },
        {
          "type": "minecraft:item",
          "weight": 15,
          "name": "create:honeyed_apple"
        },
        {
          "type": "minecraft:item",
          "weight": 10,
          "name": "minecraft:enchanted_golden_apple"
        },
        {
          "type": "minecraft:item",
          "weight": 10,
          "name": "minecraft:name_tag"
        },
        {
          "type": "minecraft:item",
          "weight": 5,
          "name": "integrated_stronghold:disc_fragment_sight",
          "functions": [
            {
              "function": "minecraft:set_count",
              "count": {
                "type": "minecraft:uniform",
                "min": 1,
                "max": 2
              },
              "add": false
            }
          ]
        },
        {
          "type": "minecraft:item",
          "weight": 15,
          "name": "minecraft:book",
          "functions": [
            {
              "function": "minecraft:enchant_with_levels",
              "levels": 30,
              "treasure": true
            }
          ]
        },
        {
          "type": "item",
          "name": "minecraft:iron_pickaxe",
          "weight": 5,
          "functions": [
            {
              "function": "set_damage",
              "damage": {
                 "min": 0.3,
                 "max": 0.7
              }
            },
            {
              "function": "minecraft:enchant_with_levels",
              "levels": 30,
              "treasure": true
            },
            {
              "function": "minecraft:set_name",
              "name": "Ancient Pickaxe",
              "add": false
            }
          ]
        },
        {
          "type": "item",
          "name": "minecraft:diamond_sword",
          "weight": 5,
          "functions": [
            {
              "function": "set_damage",
              "damage": {
                 "min": 0.3,
                 "max": 0.7
              }
            },
            {
              "function": "minecraft:enchant_with_levels",
              "levels": 30,
              "treasure": true
            },
            {
              "function": "minecraft:set_name",
              "name": "Ancient Sword",
              "add": false
            }
          ]
        },
        {
          "type": "item",
          "name": "minecraft:iron_leggings",
          "weight": 5,
          "functions": [
            {
              "function": "set_damage",
              "damage": {
                 "min": 0.3,
                 "max": 0.7
              }
            },
            {
              "function": "minecraft:enchant_with_levels",
              "levels": 30,
              "treasure": true
            },
            {
              "function": "minecraft:set_name",
              "name": "Ancient Leggings",
              "add": false
            }
          ]
        },
        {
          "type": "item",
          "name": "minecraft:diamond_boots",
          "weight": 5,
          "functions": [
            {
              "function": "set_damage",
              "damage": {
                 "min": 0.3,
                 "max": 0.7
              }
            },
            {
              "function": "minecraft:enchant_with_levels",
              "levels": 30,
              "treasure": true
            },
            {
              "function": "minecraft:set_name",
              "name": "Ancient Boots",
              "add": false
            }
          ]
        },
        {
          "type": "item",
          "name": "minecraft:diamond_helmet",
          "weight": 5,
          "functions": [
            {
              "function": "set_damage",
              "damage": {
                 "min": 0.3,
                 "max": 0.7
              }
            },
            {
              "function": "minecraft:enchant_with_levels",
              "levels": 30,
              "treasure": true
            },
            {
              "function": "minecraft:set_name",
              "name": "Ancient Helmet",
              "add": false
            }
          ]
        },
        {
          "type": "item",
          "name": "minecraft:chainmail_chestplate",
          "weight": 5,
          "functions": [
            {
              "function": "set_damage",
              "damage": {
                 "min": 0.3,
                 "max": 0.7
              }
            },
            {
              "function": "minecraft:enchant_with_levels",
              "levels": 30,
              "treasure": true
            },
            {
              "function": "minecraft:set_name",
              "name": "Ancient Chestplate",
              "add": false
            }
          ]
        },
        {
          "type": "item",
          "name": "minecraft:crossbow",
          "weight": 5,
          "functions": [
            {
              "function": "set_damage",
              "damage": {
                 "min": 0.3,
                 "max": 0.7
              }
            },
            {
              "function": "minecraft:enchant_with_levels",
              "levels": 30,
              "treasure": true
            }
          ]
        },  
        {
          "type": "item",
          "name": "minecraft:iron_axe",
          "weight": 5,
          "functions": [
            {
              "function": "set_damage",
              "damage": {
                 "min": 0.3,
                 "max": 0.7
              }
            },
            {
              "function": "minecraft:enchant_with_levels",
              "levels": 30,
              "treasure": true
            },
            {
              "function": "minecraft:set_name",
              "name": "Ancient Axe",
              "add": false
            }
          ]
        },
        {
          "type": "item",
          "name": "supplementaries:slingshot",
          "weight": 3,
          "functions": [
            {
              "function": "set_damage",
              "damage": {
                 "min": 0.3,
                 "max": 0.7
              }
            }
          ]
        },
        {
          "type": "minecraft:item",
          "weight": 3,
          "name": "quark:trowel",
          "functions": [
            {
              "function": "set_damage",
              "damage": {
                 "min": 0.3,
                 "max": 0.7
              }
            }
          ]
        },
        {
          "type": "minecraft:item",
          "weight": 5,
          "name": "minecraft:book",
          "functions": [
            {
              "function": "minecraft:enchant_with_levels",
              "levels": 30,
              "treasure": true
            }
          ]
        }
      ]
    },
    {
      "rolls": {
        "type": "minecraft:uniform",
        "min": 2,
        "max": 4
      },
      "bonus_rolls": 0,
      "entries": [
        {
          "type": "minecraft:item",
          "weight": 10,
          "name": "create:experience_nugget",
          "functions": [
            {
              "function": "minecraft:set_count",
              "count": {
                "type": "minecraft:uniform",
                "min": 5,
                "max": 15
              },
              "add": false
            }
          ]
        },
        {
          "type": "minecraft:item",
          "weight": 5,
          "name": "minecraft:redstone",
          "functions": [
            {
              "function": "minecraft:set_count",
              "count": {
                "type": "minecraft:uniform",
                "min": 4,
                "max": 9
              },
              "add": false
            }
          ]
        },
        {
          "type": "minecraft:item",
          "weight": 5,
          "name": "minecraft:lapis_lazuli",
          "functions": [
            {
              "function": "minecraft:set_count",
              "count": {
                "type": "minecraft:uniform",
                "min": 4,
                "max": 9
              },
              "add": false
            }
          ]
        },
        {
          "type": "minecraft:item",
          "weight": 4,
          "name": "minecraft:diamond",
          "functions": [
            {
              "function": "minecraft:set_count",
              "count": {
                "type": "minecraft:uniform",
                "min": 1,
                "max": 2
              },
              "add": false
            }
          ]
        },
        {
          "type": "minecraft:item",
          "weight": 5,
          "name": "minecraft:rotten_flesh",
          "functions": [
            {
              "function": "minecraft:set_count",
              "count": {
                "type": "minecraft:uniform",
                "min": 3,
                "max": 6
              },
              "add": false
            }
          ]
        },
        {
          "type": "minecraft:item",
          "weight": 15,
          "name": "minecraft:bone",
          "functions": [
            {
              "function": "minecraft:set_count",
              "count": {
                "type": "minecraft:uniform",
                "min": 3,
                "max": 7
              },
              "add": false
            }
          ]
        },
        {
          "type": "minecraft:item",
          "weight": 10,
          "name": "minecraft:cobbled_deepslate",
          "functions": [
            {
              "function": "minecraft:set_count",
              "count": {
                "type": "minecraft:uniform",
                "min": 3,
                "max": 5
              },
              "add": false
            }
          ]
        },
        {
          "type": "minecraft:item",
          "weight": 10,
          "name": "minecraft:string",
          "functions": [
            {
              "function": "minecraft:set_count",
              "count": {
                "type": "minecraft:uniform",
                "min": 2,
                "max": 4
              },
              "add": false
            }
          ]
        },
        {
          "type": "minecraft:item",
          "weight": 5,
          "name": "supplementaries:enderman_head"
        },
        {
          "type": "minecraft:item",
          "weight": 5,
          "name": "minecraft:eye_armor_trim_smithing_template"
        },
        {
          "type": "minecraft:item",
          "weight": 15,
          "name": "minecraft:ender_pearl"
        }
      ]
    },
    {
      "rolls": 2,
      "bonus_rolls": 0,
      "entries": [
        {
          "type": "minecraft:empty",
          "weight": 15    
        },
        {
          "type": "minecraft:item",
          "weight": 5,
          "name": "minecraft:flint_and_steel",
          "functions": [
            {
              "function": "minecraft:set_count",
              "count": {
                "type": "minecraft:uniform",
                "min": 1,
                "max": 1
              },
              "add": false
            }
          ]
        },
        {
          "type": "minecraft:item",
          "weight": 5,
          "name": "minecraft:candle",
          "functions": [
            {
              "function": "minecraft:set_count",
              "count": {
                "type": "minecraft:uniform",
                "min": 2,
                "max": 6
              },
              "add": false
            }
          ]
        },
        {
          "type": "minecraft:item",
          "weight": 5,
          "name": "minecraft:black_candle",
          "functions": [
            {
              "function": "minecraft:set_count",
              "count": {
                "type": "minecraft:uniform",
                "min": 2,
                "max": 6
              },
              "add": false
            }
          ]
        },
        {
          "type": "minecraft:item",
          "weight": 10,
          "name": "minecraft:arrow",
          "functions": [
            {
              "function": "minecraft:set_count",
              "count": {
                "type": "minecraft:uniform",
                "min": 2,
                "max": 6
              },
              "add": false
            }
          ]
        },
        {
          "type": "minecraft:item",
          "weight": 5,
          "name": "supplementaries:candle_holder_purple",
          "functions": [
            {
              "function": "minecraft:set_count",
              "count": {
                "type": "minecraft:uniform",
                "min": 1,
                "max": 5
              },
              "add": false
            }
          ]
        },
        {
          "type": "minecraft:item",
          "weight": 5,
          "name": "supplementaries:candle_holder_black",
          "functions": [
            {
              "function": "minecraft:set_count",
              "count": {
                "type": "minecraft:uniform",
                "min": 1,
                "max": 5
              },
              "add": false
            }
          ]
        },
        {
          "type": "minecraft:item",
          "weight": 10,
          "name": "minecraft:torch",
          "functions": [
            {
              "function": "minecraft:set_count",
              "count": {
                "type": "minecraft:uniform",
                "min": 1,
                "max": 16
              },
              "add": false
            }
          ]
        },
        {
          "type": "minecraft:empty",
          "weight": 3
        }
      ]
    },
    {
      "rolls": 2,
      "bonus_rolls": 2,
      "entries": [
        {
          "type": "minecraft:empty",
          "weight": 15    
        },
        {
          "type": "minecraft:item",
          "weight": 2,
          "name": "minecraft:diamond",
          "functions": [
            {
              "function": "minecraft:set_count",
              "count": {
                "type": "minecraft:uniform",
                "min": 1,
                "max": 1
              },
              "add": false
            }
          ]
        },
        {
          "type": "minecraft:item",
          "weight": 5,
          "name": "minecraft:raw_iron",
          "functions": [
            {
              "function": "minecraft:set_count",
              "count": {
                "type": "minecraft:uniform",
                "min": 3,
                "max": 7
              },
              "add": false
            }
          ]
        },
        {
          "type": "minecraft:item",
          "weight": 5,
          "name": "minecraft:raw_copper",
          "functions": [
            {
              "function": "minecraft:set_count",
              "count": {
                "type": "minecraft:uniform",
                "min": 3,
                "max": 7
              },
              "add": false
            }
          ]
        },
        {
          "type": "minecraft:item",
          "weight": 3,
          "name": "minecraft:raw_gold",
          "functions": [
            {
              "function": "minecraft:set_count",
              "count": {
                "type": "minecraft:uniform",
                "min": 3,
                "max": 7
              },
              "add": false
            }
          ]
        },
        {
          "type": "minecraft:item",
          "weight": 5,
          "name": "create:raw_zinc",
          "functions": [
            {
              "function": "minecraft:set_count",
              "count": {
                "type": "minecraft:uniform",
                "min": 3,
                "max": 7
              },
              "add": false
            }
          ]
        },
        {
          "type": "minecraft:item",
          "weight": 5,
          "name": "minecraft:iron_ingot",
          "functions": [
            {
              "function": "minecraft:set_count",
              "count": {
                "type": "minecraft:uniform",
                "min": 3,
                "max": 7
              },
              "add": false
            }
          ]
        },
        {
          "type": "minecraft:item",
          "weight": 5,
          "name": "minecraft:copper_ingot",
          "functions": [
            {
              "function": "minecraft:set_count",
              "count": {
                "type": "minecraft:uniform",
                "min": 3,
                "max": 7
              },
              "add": false
            }
          ]
        },
        {
          "type": "minecraft:item",
          "weight": 3,
          "name": "minecraft:gold_ingot",
          "functions": [
            {
              "function": "minecraft:set_count",
              "count": {
                "type": "minecraft:uniform",
                "min": 3,
                "max": 7
              },
              "add": false
            }
          ]
        },
        {
          "type": "minecraft:item",
          "weight": 5,
          "name": "create:zinc_ingot",
          "functions": [
            {
              "function": "minecraft:set_count",
              "count": {
                "type": "minecraft:uniform",
                "min": 3,
                "max": 7
              },
              "add": false
            }
          ]
        },
        {
          "type": "minecraft:item",
          "weight": 10,
          "name": "minecraft:coal",
          "functions": [
            {
              "function": "minecraft:set_count",
              "count": {
                "type": "minecraft:uniform",
                "min": 3,
                "max": 10
              },
              "add": false
            }
          ]
        }
      ]
    }
  ]
}
