{
  "type": "minecraft:chest",
  "pools": [    
    {
      "rolls": {
        "type": "minecraft:uniform",
        "min": 1,
        "max": 1
      },
      "bonus_rolls": 0,
      "entries": [
        {
          "type": "minecraft:empty",
          "weight": 5
        },
        {
          "type": "minecraft:item",
          "weight": 1,
          "name": "minecraft:written_book",
          "functions": [
            {
              "function":"set_nbt",
        "tag":"{
          pages:[
              \"[
                \\\"\\\",
                {\\\"text\\\":\\\"§kREDACTED\\\"},
                {\\\"text\\\":\\\"§l的下界生物向导\n\n\\\"},
                {\\\"text\\\":\\\"下界是我们这个空间之下的一个维度，充满了火焰、熔岩以及一切炙热和危险的东西。\\\"},
                {\\\"text\\\":\\\"这里的居民必须适应这种岌岌可危的环境。\\\"}
              ]\",
              \"[
                {\\\"text\\\":\\\"在发明了下界传送门之后，我们最近才刚刚接触到这个维度。\n\n\\\"}
              ]\",
              \"[
                {\\\"text\\\":\\\"§l下界传送门\n\n\\\"},
                {\\\"text\\\":\\\"下界传送门是一个有着紫色光芒的空心矩形黑曜石门。\\\"},
                {\\\"text\\\":\\\"一旦用打火石或者火焰弹点燃，它就会被激活。\\\"},
                {\\\"text\\\":\\\"激活之后，当一个实体穿过这个传送门，它会被传送到下界维度。\\\"}
              ]\",
              \"[
                {\\\"text\\\":\\\"§l猪灵\n\n\\\"},
                {\\\"text\\\":\\\"猪灵是一种在下界居住的一种可以走路的猪。他们喜欢下界荒地和绯红森林这类的群系。 \\\"},
                {\\\"text\\\":\\\"他们非常看重黄金，并且如果你没有穿着任何金甲，他们就会以你为敌。\\\"},
                {\\\"text\\\":\\\"另外，如果他们附近的箱子被打开了，他们会守护他们的物品并且攻击你。\\\"}
              ]\",
              \"[
                {\\\"text\\\":\\\"他们是相当聪明的物种，在下界各处建造了巨大的黑石堡垒。\\\"},
                {\\\"text\\\":\\\"为了每个人的利益，我们必须继续尊重地对待他们。\\\"}
              ]\",
              \"[
                {\\\"text\\\":\\\"§l疣猪兽\n\n\\\"},
                {\\\"text\\\":\\\"疣猪兽是一种大型的类似于猪的动物。它们对几乎任何东西都是敌对的。\\\"},
                {\\\"text\\\":\\\"然而，它们不会攻击猪灵。\\\"},
                {\\\"text\\\":\\\"在下界，它们是很好的肉和皮革的来源。\\\"}
              ]\",
              \"[
                {\\\"text\\\":\\\"§l岩浆怪\n\n\\\"},
                {\\\"text\\\":\\\"岩浆怪是一种黏糊糊的团状生物，可以在玄武岩三角洲群系找到。\\\"},
                {\\\"text\\\":\\\"一旦被击杀，它们会分裂成更小的岩浆怪。\\\"},
                {\\\"text\\\":\\\"它们是敌对的，但最小的岩浆怪无法造成任何伤害。它们的精华是一种宝贵的药剂原料。\\\"}
              ]\",
              \"[
                {\\\"text\\\":\\\"§l炽足兽\n\n\\\"},
                {\\\"text\\\":\\\"炽足兽是一种在下界岩浆湖附近出现的被动生物。 \\\"},
                {\\\"text\\\":\\\"他们拥有在熔岩上行走的惊人能力。也许可以利用这种能力在这个炽热的维度中旅行。\\\"}
              ]\",
              \"[
                {\\\"text\\\":\\\"§l恶魂\n\n\\\"},
                {\\\"text\\\":\\\"恶魂是一种飞行着的，不停尖叫的，代表着炽热的死亡和破坏的方形生物。它们会出现在下界荒地和灵魂沙峡谷。\\\"},
                {\\\"text\\\":\\\"如果你在手里没有远程武器的时候遇见了它们，赶紧跑吧。\\\"}
              ]\",
              \"[
                {\\\"text\\\":\\\"如果你能完成收集其眼泪的艰巨任务，据说它们拥有许多神奇的能力。\\\"}
              ]\",
              \"[
                {\\\"text\\\":\\\"§l游魂\n\n\\\"},
                {\\\"text\\\":\\\"游魂是一种在灵魂沙峡谷的悬浮着的半透明生物。\\\"},
                {\\\"text\\\":\\\"据说，它们是某些生物的\\\"},
                {\\\"text\\\":\\\"§k转世\\\"},
                {\\\"text\\\":\\\" ，因为它们有着类似的叫声。\\\"}
              ]\",
              \"[
                {\\\"text\\\":\\\"§l猎狐犬\n\n\\\"},
                {\\\"text\\\":\\\"猎狐犬是一种广泛存在于下界维度的狼一样的生物。\\\"},
                {\\\"text\\\":\\\"它们通常是敌对的。但是如果有抗火和煤炭，它们也可以被驯服。\\\"}
              ]\",
              \"[
                {\\\"text\\\":\\\"§k灵魂鹫\n\n\\\"},
                {\\\"text\\\":\\\"§k灵魂鹫是在下界灵魂沙峡谷里出没的死去已久的鸟类的枯萎残骸。\\\"},
                {\\\"text\\\":\\\"§k可以看到这些不死的鸟盘旋在散落在大地上的那些巨大枯骨上。\\\"}
              ]\",
              \"[
                {\\\"text\\\":\\\"§k骨蟒\n\n\\\"},
                {\\\"text\\\":\\\"§k这种长的蛇形生物是由骨头组成的，并且有着红色的眼睛。\\\"},
                {\\\"text\\\":\\\"§k可以偶尔看见它从熔岩中跳出，然后又钻回熔岩消失不见。\\\"}
              ]\",
              \"[
                {\\\"text\\\":\\\"§k凋零骷髅\n\n\\\"},
                {\\\"text\\\":\\\"§k凋零骷髅是骷髅的更高黑色变种，并装备着石剑。\\\"},
                {\\\"text\\\":\\\"§k它们只能在下界堡垒中被找到。\\\"}
              ]\"
            ],
            title:Nether,
            author:Unknown,
            display:{Lore:[\"Found in the ancient Stronghold\"]}
            }"},
            {
              "function": "minecraft:set_name",
              "name": "下界的生物",
              "add": false
            }
          ]
        }
      ]
    },
    {
      "rolls": 1,
      "bonus_rolls": 0,
      "entries": [
        {
          "type": "minecraft:item",
          "weight": 5,
          "name": "minecraft:golden_apple"
        },
        {
          "type": "minecraft:item",
          "weight": 3,
          "name": "create:honeyed_apple"
        },
        {
          "type": "minecraft:item",
          "weight": 1,
          "name": "minecraft:enchanted_golden_apple"
        },
        {
          "type": "minecraft:item",
          "weight": 10,
          "name": "minecraft:name_tag"
        },
        {
          "type": "minecraft:item",
          "weight": 15,
          "name": "minecraft:book",
          "functions": [
            {
              "function": "minecraft:enchant_with_levels",
              "levels": 30,
              "treasure": true
            }
          ]
        },
        {
          "type": "item",
          "name": "minecraft:golden_pickaxe",
          "weight": 5,
          "functions": [
            {
              "function": "set_damage",
              "damage": {
                 "min": 0.3,
                 "max": 0.7
              }
            },
            {
              "function": "minecraft:enchant_with_levels",
              "levels": 30,
              "treasure": true
            },
            {
              "function": "minecraft:set_name",
              "name": "Ancient Pickaxe",
              "add": false
            }
          ]
        },
        {
          "type": "item",
          "name": "minecraft:golden_sword",
          "weight": 5,
          "functions": [
            {
              "function": "set_damage",
              "damage": {
                 "min": 0.3,
                 "max": 0.7
              }
            },
            {
              "function": "minecraft:enchant_with_levels",
              "levels": 30,
              "treasure": true
            },
            {
              "function": "minecraft:set_name",
              "name": "Ancient Sword",
              "add": false
            }
          ]
        },
        {
          "type": "item",
          "name": "minecraft:golden_leggings",
          "weight": 5,
          "functions": [
            {
              "function": "set_damage",
              "damage": {
                 "min": 0.3,
                 "max": 0.7
              }
            },
            {
              "function": "minecraft:enchant_with_levels",
              "levels": 30,
              "treasure": true
            },
            {
              "function": "minecraft:set_name",
              "name": "Ancient Leggings",
              "add": false
            }
          ]
        },
        {
          "type": "item",
          "name": "minecraft:golden_boots",
          "weight": 5,
          "functions": [
            {
              "function": "set_damage",
              "damage": {
                 "min": 0.3,
                 "max": 0.7
              }
            },
            {
              "function": "minecraft:enchant_with_levels",
              "levels": 30,
              "treasure": true
            },
            {
              "function": "minecraft:set_name",
              "name": "Ancient Boots",
              "add": false
            }
          ]
        },
        {
          "type": "item",
          "name": "minecraft:golden_helmet",
          "weight": 5,
          "functions": [
            {
              "function": "set_damage",
              "damage": {
                 "min": 0.3,
                 "max": 0.7
              }
            },
            {
              "function": "minecraft:enchant_with_levels",
              "levels": 30,
              "treasure": true
            },
            {
              "function": "minecraft:set_name",
              "name": "Ancient Helmet",
              "add": false
            }
          ]
        },
        {
          "type": "item",
          "name": "minecraft:chainmail_chestplate",
          "weight": 5,
          "functions": [
            {
              "function": "set_damage",
              "damage": {
                 "min": 0.3,
                 "max": 0.7
              }
            },
            {
              "function": "minecraft:enchant_with_levels",
              "levels": 30,
              "treasure": true
            },
            {
              "function": "minecraft:set_name",
              "name": "Ancient Chestplate",
              "add": false
            }
          ]
        },
        {
          "type": "item",
          "name": "minecraft:crossbow",
          "weight": 5,
          "functions": [
            {
              "function": "set_damage",
              "damage": {
                 "min": 0.3,
                 "max": 0.7
              }
            }
          ]
        },  
        {
          "type": "item",
          "name": "minecraft:golden_axe",
          "weight": 5,
          "functions": [
             {
              "function": "set_damage",
              "damage": {
                 "min": 0.3,
                 "max": 0.7
              }
            },
            {
              "function": "minecraft:enchant_with_levels",
              "levels": 30,
              "treasure": true
            },
            {
              "function": "minecraft:set_name",
              "name": "Ancient Axe",
              "add": false
            }
          ]
        },
        {
          "type": "minecraft:item",
          "weight": 5,
          "name": "minecraft:book",
          "functions": [
            {
              "function": "minecraft:enchant_with_levels",
              "levels": 30,
              "treasure": true
            }
          ]
        }
      ]
    },
    {
      "rolls": {
        "type": "minecraft:uniform",
        "min": 1,
        "max": 3
      },
      "bonus_rolls": 0,
      "entries": [
        {
          "type": "minecraft:empty",
          "weight": 15    
        },
        {
          "type": "minecraft:item",
          "weight": 10,
          "name": "create:experience_nugget",
          "functions": [
            {
              "function": "minecraft:set_count",
              "count": {
                "type": "minecraft:uniform",
                "min": 5,
                "max": 15
              },
              "add": false
            }
          ]
        },
        {
          "type": "minecraft:item",
          "weight": 15,
          "name": "minecraft:netherrack",
          "functions": [
            {
              "function": "minecraft:set_count",
              "count": {
                "type": "minecraft:uniform",
                "min": 3,
                "max": 6
              },
              "add": false
            }
          ]
        },
        {
          "type": "minecraft:item",
          "weight": 10,
          "name": "minecraft:magma_block",
          "functions": [
            {
              "function": "minecraft:set_count",
              "count": {
                "type": "minecraft:uniform",
                "min": 3,
                "max": 6
              },
              "add": false
            }
          ]
        },
        {
          "type": "minecraft:item",
          "weight": 10,
          "name": "minecraft:soul_sand",
          "functions": [
            {
              "function": "minecraft:set_count",
              "count": {
                "type": "minecraft:uniform",
                "min": 3,
                "max": 6
              },
              "add": false
            }
          ]
        },
        {
          "type": "minecraft:item",
          "weight": 15,
          "name": "minecraft:bone",
          "functions": [
            {
              "function": "minecraft:set_count",
              "count": {
                "type": "minecraft:uniform",
                "min": 2,
                "max": 4
              },
              "add": false
            }
          ]
        },
        {
          "type": "minecraft:item",
          "weight": 15,
          "name": "minecraft:rotten_flesh",
          "functions": [
            {
              "function": "minecraft:set_count",
              "count": {
                "type": "minecraft:uniform",
                "min": 2,
                "max": 4
              },
              "add": false
            }
          ]
        },
        {
          "type": "minecraft:item",
          "weight": 15,
          "name": "minecraft:string",
          "functions": [
            {
              "function": "minecraft:set_count",
              "count": {
                "type": "minecraft:uniform",
                "min": 2,
                "max": 4
              },
              "add": false
            }
          ]
        },
        {
          "type": "minecraft:item",
          "weight": 15,
          "name": "minecraft:lava_bucket"
        }
      ]
    },
    {
      "rolls": 2,
      "bonus_rolls": 1,
      "entries": [
        {
          "type": "minecraft:empty",
          "weight": 15    
        },
        {
          "type": "minecraft:item",
          "weight": 10,
          "name": "minecraft:gold_ingot",
          "functions": [
            {
              "function": "minecraft:set_count",
              "count": {
                "type": "minecraft:uniform",
                "min": 3,
                "max": 7
              },
              "add": false
            }
          ]
        },
        {
          "type": "minecraft:item",
          "weight": 5,
          "name": "minecraft:gold_block",
          "functions": [
            {
              "function": "minecraft:set_count",
              "count": {
                "type": "minecraft:uniform",
                "min": 1,
                "max": 3
              },
              "add": false
            }
          ]
        },
        {
          "type": "minecraft:item",
          "weight": 10,
          "name": "minecraft:coal",
          "functions": [
            {
              "function": "minecraft:set_count",
              "count": {
                "type": "minecraft:uniform",
                "min": 3,
                "max": 10
              },
              "add": false
            }
          ]
        }
      ]
    }
  ]
}
