{
  "type": "minecraft:chest",
  "pools": [    
    {
      "rolls": {
        "type": "minecraft:uniform",
        "min": 1,
        "max": 3
      },
      "bonus_rolls": 0,
      "entries": [
        {
          "type": "minecraft:empty",
          "weight": 2
        },
        {
          "type": "minecraft:item",
          "weight": 1,
          "name": "minecraft:written_book",
          "functions": [
            {
              "function":"set_nbt",
        "tag":"{
          pages:[
              \"[
                \\\"\\\",
                {\\\"text\\\":\\\"§kREDACTED\\\"},
                {\\\"text\\\":\\\"§l的日记\n第306天\n\n\\\"},
                {\\\"text\\\":\\\"探险家们刚刚通过神秘的传送门装置完成探险回家。当然，确切地说，是其中的一位回来了。\\\"},
                {\\\"text\\\":\\\"根据他说的，队伍的其他人被杀了，凶手是\\\"},
                {\\\"text\\\":\\\"§o至高无上者。 \\\"}
              ]\",
              \"[
                {\\\"text\\\":\\\"回来的那个人伤痕累累，但最奇怪的是，他的头上有一种不明显的黑暗感染。 \\\"},
                {\\\"text\\\":\\\"过去几天，我一直在尝试治疗他。他慢慢变得疯疯癫癫，感染正在扩散。\\\"}
              ]\",
              \"[
                {\\\"text\\\":\\\"我刚刚发现我的手臂上长了一个黑点，希望这不是感染。如果是的话，我们就完蛋了。\\\"}
              ]\"
            ],
            title:Journal,
            author:Unknown,
            display:{Lore:[\"Found in the ancient Stronghold\"]}
            }"},
            {
              "function": "minecraft:set_name",
              "name": "神秘日记 #7",
              "add": false
            }
          ]
        },
        {
          "type": "minecraft:item",
          "weight": 1,
          "name": "minecraft:written_book",
          "functions": [
            {
              "function":"set_nbt",
        "tag":"{
          pages:[
              \"[
                \\\"\\\",
                {\\\"text\\\":\\\"§kREDACTED\\\"},
                {\\\"text\\\":\\\"§l的日记\n第315天\n\n\\\"},
                {\\\"text\\\":\\\"我是最后一个离开的人。穿越传送门之后，感染迅速蔓延到整个要塞。\\\"},
                {\\\"text\\\":\\\"所有被感染的人都变成了闪着紫色眼睛的黑暗生物。\\\"}
              ]\",
              \"[
                {\\\"text\\\":\\\"也许，\\\"},
                {\\\"text\\\":\\\"§o至高无上者\\\"},
                {\\\"text\\\":\\\"，绝非我们曾经想象中的善类。\\\"},
                {\\\"text\\\":\\\"也许这将是末地形态，只是时间问题了。\\\"},
                {\\\"text\\\":\\\"在我为了去补充食物和水离开之前，现在我会躲在这里。\\\"}
              ]\"
            ],
            title:Journal,
            author:Unknown,
            display:{Lore:[\"Found in the ancient Stronghold\"]}
            }"},
            {
              "function": "minecraft:set_name",
              "name": "神秘日记 #8",
              "add": false
            }
          ]
        },
        {
          "type": "minecraft:item",
          "weight": 1,
          "name": "minecraft:written_book",
          "functions": [
            {
              "function":"set_nbt",
        "tag":"{
          pages:[
              \"[
                \\\"\\\",
                {\\\"text\\\":\\\"§kREDACTED\\\"},
                {\\\"text\\\":\\\"§l的日记\n第317天\n\n\\\"},
                {\\\"text\\\":\\\"我将前往传送门房间并关闭它。\\\"},
                {\\\"text\\\":\\\"希望这样做可以防止更多人被\\\"},
                {\\\"text\\\":\\\"§kThe End. \\\"},
                {\\\"text\\\":\\\"。我的计划是用黑暗和魔法之眼锁定传送门。\\\"}
              ]\"
            ],
            title:Journal,
            author:Unknown,
            display:{Lore:[\"Found in the ancient Stronghold\"]}
            }"},
            {
              "function": "minecraft:set_name",
              "name": "神秘日记#9",
              "add": false
            }
          ]
        },
        {
          "type": "minecraft:item",
          "weight": 1,
          "name": "minecraft:written_book",
          "functions": [
            {
              "function":"set_nbt",
        "tag":"{
          pages:[
              \"[
                \\\"\\\",
                {\\\"text\\\":\\\"§kREDACTED\\\"},
                {\\\"text\\\":\\\"§l的日记\n第318天\n\n\\\"},
                {\\\"text\\\":\\\"我碰见了它。在我关闭并锁定传送门回来的路上，\\\"},
                {\\\"text\\\":\\\"我遇见了一个黑影，它看起来像\\\"},
                {\\\"text\\\":\\\"§kREDACTED.\\\"},
                {\\\"text\\\":\\\"。他们悄悄走到我身后，然后攻击了我。\\\"}
              ]\",
              \"[
                {\\\"text\\\":\\\"从那时起，我就感到恶心，并且产生了对水的无比的厌恶感。\\\"},
                {\\\"text\\\":\\\"真奇怪啊。我的皮肤也开始被黑暗所吞噬。\\\"},
                {\\\"text\\\":\\\"距离我被完全感染也只是需要时间了。\\\"}
              ]\"
            ],
            title:Journal,
            author:Unknown,
            display:{Lore:[\"Found in the ancient Stronghold\"]}
            }"},
            {
              "function": "minecraft:set_name",
              "name": "神秘日记#10",
              "add": false
            }
          ]
        },
        {
          "type": "minecraft:item",
          "weight": 1,
          "name": "minecraft:written_book",
          "functions": [
            {
              "function":"set_nbt",
        "tag":"{
          pages:[
              \"[
                \\\"\\\",
                {\\\"text\\\":\\\"§l神秘实验室\n\n\\\"},
                {\\\"text\\\":\\\"这个于第 225 天新建成的实验室隐藏在大图书馆后面，专门用于外星生物的研究和开发。\\\"},
                {\\\"text\\\":\\\"这次研究的主要目标是找到方法来接触\\\"},
                {\\\"text\\\":\\\"§o至高无上者。\\\"}
              ]\"
            ],
            title:Lab,
            author:Unknown,
            display:{Lore:[\"Found in the ancient Stronghold\"]}
            }"},
            {
              "function": "minecraft:set_name",
              "name": "神秘实验室",
              "add": false
            }
          ]
        },
        {
          "type": "minecraft:item",
          "weight": 1,
          "name": "minecraft:written_book",
          "functions": [
            {
              "function":"set_nbt",
        "tag":"{
          pages:[
              \"[
                \\\"\\\",
                {\\\"text\\\":\\\"§l传送设备\n\n\\\"},
                {\\\"text\\\":\\\"我们用小行星上的东西组装了一个我们认为是传送门的装置。\\\"},
                {\\\"text\\\":\\\"我们要把这个传送装置转移到要塞深处的一个地方，那里有很多迷宫和陷阱来保护。\\\"}
              ]\",
              \"[
                {\\\"text\\\":\\\"这样，我们的辛勤工作就不会被那些认为我们的实验太危险的人篡改。\\\"},
                {\\\"text\\\":\\\"我们希望这个传送装置可以最终帮我们接触到 \\\"},
                {\\\"text\\\":\\\"§o至高无上者。\\\"}
              ]\",
              \"[
                {\\\"text\\\":\\\"我们将会在未来几天内送一支小队进传送门。\\\"},
                {\\\"text\\\":\\\"我们的努力，终于要有收获了！\\\"}
              ]\"
            ],
            title:Portal,
            author:Unknown,
            display:{Lore:[\"Found in the ancient Stronghold\"]}
            }"},
            {
              "function": "minecraft:set_name",
              "name": "传送设备",
              "add": false
            }
          ]
        }
      ]
    },
    {
      "rolls": {
        "type": "minecraft:uniform",
        "min": 3,
        "max": 10
      },
      "bonus_rolls": 0,
      "entries": [
        {
          "type": "minecraft:item",
          "weight": 25,
          "name": "minecraft:book",
          "functions": [
            {
              "function": "minecraft:set_count",
              "count": {
                "type": "minecraft:uniform",
                "min": 1,
                "max": 3
              },
              "add": false
            }
          ]
        },
        {
          "type": "minecraft:item",
          "weight": 25,
          "name": "minecraft:paper",
          "functions": [
            {
              "function": "minecraft:set_count",
              "count": {
                "type": "minecraft:uniform",
                "min": 2,
                "max": 7
              },
              "add": false
            }
          ]
        },
        {
          "type": "minecraft:item",
          "weight": 5,
          "name": "minecraft:end_stone",
          "functions": [
            {
              "function": "minecraft:set_count",
              "count": {
                "type": "minecraft:uniform",
                "min": 1,
                "max": 2
              },
              "add": false
            },
            {
              "function": "minecraft:set_name",
              "name": "Asteroid Sample",
              "add": false
            }
          ]
        },
        {
          "type": "minecraft:item",
          "weight": 5,
          "name": "supplementaries:candle_holder_purple",
          "functions": [
            {
              "function": "minecraft:set_count",
              "count": {
                "type": "minecraft:uniform",
                "min": 2,
                "max": 3
              },
              "add": false
            }
          ]
        },
        {
          "type": "minecraft:item",
          "weight": 10,
          "name": "minecraft:sculk",
          "functions": [
            {
              "function": "minecraft:set_count",
              "count": {
                "type": "minecraft:uniform",
                "min": 3,
                "max": 5
              },
              "add": false
            }
          ]
        },
        {
          "type": "minecraft:item",
          "weight": 10,
          "name": "minecraft:sculk_vein",
          "functions": [
            {
              "function": "minecraft:set_count",
              "count": {
                "type": "minecraft:uniform",
                "min": 3,
                "max": 5
              },
              "add": false
            }
          ]
        },
        {
          "type": "minecraft:item",
          "weight": 10,
          "name": "minecraft:amethyst_shard",
          "functions": [
            {
              "function": "minecraft:set_count",
              "count": {
                "type": "minecraft:uniform",
                "min": 3,
                "max": 5
              },
              "add": false
            }
          ]
        },
        {
          "type": "minecraft:item",
          "name": "minecraft:map"
        },
        {
          "type": "minecraft:item",
          "name": "minecraft:compass"
        },
        {
          "type": "minecraft:item",
          "weight": 15,
          "name": "minecraft:book",
          "functions": [
            {
              "function": "minecraft:enchant_with_levels",
              "levels": 20
            }
          ]
        },
        {
          "type": "minecraft:item",
          "weight": 5,
          "name": "minecraft:book",
          "functions": [
            {
              "function": "minecraft:enchant_with_levels",
              "levels": 30,
              "treasure": true
            }
          ]
        },
        {
          "type": "minecraft:item",
          "weight": 5,
          "name": "quark:ancient_tome",
          "functions": [
            {
              "function": "quark:tome_enchant",
              "levels": 10
            }
          ]
        },
        {
          "type": "minecraft:item",
          "weight": 5,
          "name": "integrated_stronghold:disc_fragment_sight",
          "functions": [
            {
              "function": "minecraft:set_count",
              "count": {
                "type": "minecraft:uniform",
                "min": 1,
                "max": 2
              },
              "add": false
            }
          ]
        }
      ]
    },
    {
      "rolls": {
        "type": "minecraft:uniform",
        "min": 1,
        "max": 3
      },
      "bonus_rolls": 0,
      "entries": [
        {
          "type": "minecraft:item",
          "weight": 10,
          "name": "minecraft:writable_book",
          "functions": [
            {
              "function": "minecraft:set_count",
              "count": {
                "type": "minecraft:uniform",
                "min": 1,
                "max": 1
              },
              "add": false
            }
          ]
        },
        {
          "type": "minecraft:item",
          "weight": 5,
          "name": "create:crafting_blueprint",
          "functions": [
            {
              "function": "minecraft:set_count",
              "count": {
                "type": "minecraft:uniform",
                "min": 1,
                "max": 2
              },
              "add": false
            }
          ]
        },
        {
          "type": "minecraft:item",
          "weight": 5,
          "name": "supplementaries:enderman_head",
          "functions": [
            {
              "function": "minecraft:set_count",
              "count": {
                "type": "minecraft:uniform",
                "min": 1,
                "max": 1
              },
              "add": false
            }
          ]
        },
        {
          "type": "minecraft:item",
          "weight": 5,
          "name": "create:propeller",
          "functions": [
            {
              "function": "minecraft:set_count",
              "count": {
                "type": "minecraft:uniform",
                "min": 1,
                "max": 1
              },
              "add": false
            }
          ]
        },
        {
          "type": "minecraft:item",
          "weight": 5,
          "name": "create:brass_hand",
          "functions": [
            {
              "function": "minecraft:set_count",
              "count": {
                "type": "minecraft:uniform",
                "min": 1,
                "max": 1
              },
              "add": false
            }
          ]
        },
        {
          "type": "minecraft:item",
          "weight": 5,
          "name": "create:electron_tube",
          "functions": [
            {
              "function": "minecraft:set_count",
              "count": {
                "type": "minecraft:uniform",
                "min": 1,
                "max": 3
              },
              "add": false
            }
          ]
        },
        {
          "type": "minecraft:item",
          "weight": 5,
          "name": "create:powdered_obsidian",
          "functions": [
            {
              "function": "minecraft:set_count",
              "count": {
                "type": "minecraft:uniform",
                "min": 1,
                "max": 3
              },
              "add": false
            }
          ]
        },
        {
          "type": "minecraft:item",
          "weight": 5,
          "name": "create:rose_quartz",
          "functions": [
            {
              "function": "minecraft:set_count",
              "count": {
                "type": "minecraft:uniform",
                "min": 1,
                "max": 3
              },
              "add": false
            }
          ]
        },
        {
          "type": "minecraft:item",
          "weight": 5,
          "name": "minecraft:spyglass",
          "functions": [
            {
              "function": "minecraft:set_count",
              "count": {
                "type": "minecraft:uniform",
                "min": 1,
                "max": 1
              },
              "add": false
            }
          ]
        },
        {
          "type": "minecraft:item",
          "weight": 5,
          "name": "minecraft:eye_armor_trim_smithing_template"
        }
      ]
    }
  ]
}
